snapshot_date_jst,retrieved_at_jst,source_updated_at_text,source_updated_at_jst,shelter_id,web_shelter_id,municipality,shelter_name,opening_status,is_open,congestion_status,evacuee_count,address,route_search,change_type,previous_opening_status,previous_congestion_status,previous_evacuee_count,source_url,record_hash,raw_row_json,reference_match_status,reference_match_method,reference_match_score,reference_match_count,reference_no,reference_common_id,reference_common_ids,reference_facility_name,reference_address,reference_same_address_as_emergency_site,reference_other_mayor_matters,reference_accepted_persons,reference_latitude,reference_longitude,reference_all_coordinates_json,reference_notes,reference_rows_json,reference_candidates_json,reference_source_file,reference_source_sha256,portal_shelter_id,portal_capacity_persons,portal_capacity_raw,capacity_source,capacity_acquired_at_jst,capacity_match_status,capacity_match_method,capacity_match_score,portal_latitude,portal_longitude,manual_latitude,manual_longitude,manual_geocode_status,manual_geocode_method,manual_geocode_source_file,manual_geocode_source_sha256,latitude,longitude,coordinate_source,coordinate_method,coordinate_status
2026-08-30,2026-08-30T03:23:27+09:00,26/08/30 03:23時点の避難所状況の一覧です。,2026-08-30T03:23+09:00,web:1b6fa2f886fba25b241b,1b6fa2f886fba25b241b,八代市,二見コミュニティセンター,開設,true,---,,八代市二見下大野町2432-1,検索,,,,,https://portal.bousai.pref.kumamoto.jp/sp.html?p=evacuation%2Fshelter&l=15-0&ll=32.63819999999999%2C130.77610000000004&z=9&municipalityCd=430005,29cba61ed0ef8f6da5a622e00d7933c2bb29a96816d5805c61fae49a2336f603,"{""ルート検索"": ""検索"", ""住所"": ""八代市二見下大野町2432-1"", ""市町村"": ""八代市"", ""混雑状況"": ""---"", ""避難所名"": ""二見コミュニティセンター"", ""開設状況"": ""開設""}",unmatched,fuzzy_below_threshold,0.761,0,,,,,,,,,,,[],,[],"[{""NO"": ""1224"", ""その他市町村長が必要と認める事項"": """", ""住所"": ""熊本県八代市昭和明徴町730-1"", ""備考"": """", ""共通ID"": ""E4320200054111"", ""受入対象者"": """", ""指定緊急避難場所との住所同一"": ""1"", ""施設・場所名"": ""昭和コミュニティセンター"", ""経度"": ""130.6036164"", ""緯度"": ""32.55967579""}, {""NO"": ""1238"", ""その他市町村長が必要と認める事項"": """", ""住所"": ""熊本県八代市泉町栗木5866"", ""備考"": """", ""共通ID"": ""E4320200081111"", ""受入対象者"": """", ""指定緊急避難場所との住所同一"": ""1"", ""施設・場所名"": ""泉コミュニティセンター"", ""経度"": ""130.808105877186"", ""緯度"": ""32.5457986916214""}, {""NO"": ""1217"", ""その他市町村長が必要と認める事項"": """", ""住所"": ""熊本県八代市古城町2259"", ""備考"": """", ""共通ID"": ""E4320200033111"", ""受入対象者"": """", ""指定緊急避難場所との住所同一"": ""1"", ""施設・場所名"": ""麦島コミュニティセンター"", ""経度"": ""130.5926186"", ""緯度"": ""32.49742503""}]",reference/43000_1.csv,a04f16cf2e53aec5caadda9c0d925342964483a45870933ec9882c48e957ea60,00000695,200,200,kumamoto_portal_map,2026-08-01T00:28:20+09:00,matched,portal_shelter_id,1.000,32.407212,130.558888,32.40723164,130.5588755,matched,manual_shelter_id,マニュアルジオコーディング(1).csv,35f5dae36fe4e9577c53f227bd933e4604ed40e589ee27a700add2b32438424c,32.40723164,130.5588755,manual_geocoding,manual_shelter_id,complete
2026-08-30,2026-08-30T03:23:27+09:00,26/08/30 03:23時点の避難所状況の一覧です。,2026-08-30T03:23+09:00,web:78670aceb0f1a33db766,78670aceb0f1a33db766,八代市,代陽コミュニティセンター,開設,true,平常,,八代市西松江城町2-18,検索,,,,,https://portal.bousai.pref.kumamoto.jp/sp.html?p=evacuation%2Fshelter&l=15-0&ll=32.63819999999999%2C130.77610000000004&z=9&municipalityCd=430005,e3abf37f92a54c2eb95870c54c4275825e3156667958048c2827730c664c95fa,"{""ルート検索"": ""検索"", ""住所"": ""八代市西松江城町2-18"", ""市町村"": ""八代市"", ""混雑状況"": ""平常"", ""避難所名"": ""代陽コミュニティセンター"", ""開設状況"": ""開設""}",unmatched,fuzzy_below_threshold,0.781,0,,,,,,,,,,,[],,[],"[{""NO"": ""1238"", ""その他市町村長が必要と認める事項"": """", ""住所"": ""熊本県八代市泉町栗木5866"", ""備考"": """", ""共通ID"": ""E4320200081111"", ""受入対象者"": """", ""指定緊急避難場所との住所同一"": ""1"", ""施設・場所名"": ""泉コミュニティセンター"", ""経度"": ""130.808105877186"", ""緯度"": ""32.5457986916214""}, {""NO"": ""1217"", ""その他市町村長が必要と認める事項"": """", ""住所"": ""熊本県八代市古城町2259"", ""備考"": """", ""共通ID"": ""E4320200033111"", ""受入対象者"": """", ""指定緊急避難場所との住所同一"": ""1"", ""施設・場所名"": ""麦島コミュニティセンター"", ""経度"": ""130.5926186"", ""緯度"": ""32.49742503""}, {""NO"": ""1224"", ""その他市町村長が必要と認める事項"": """", ""住所"": ""熊本県八代市昭和明徴町730-1"", ""備考"": """", ""共通ID"": ""E4320200054111"", ""受入対象者"": """", ""指定緊急避難場所との住所同一"": ""1"", ""施設・場所名"": ""昭和コミュニティセンター"", ""経度"": ""130.6036164"", ""緯度"": ""32.55967579""}]",reference/43000_1.csv,a04f16cf2e53aec5caadda9c0d925342964483a45870933ec9882c48e957ea60,00000694,200,200,kumamoto_portal_map,2026-08-01T00:28:20+09:00,matched,portal_shelter_id,1.000,32.507089,130.597324,32.50711793,130.597334,matched,manual_shelter_id,マニュアルジオコーディング(1).csv,35f5dae36fe4e9577c53f227bd933e4604ed40e589ee27a700add2b32438424c,32.50711793,130.597334,manual_geocoding,manual_shelter_id,complete
2026-08-30,2026-08-30T03:23:27+09:00,26/08/30 03:23時点の避難所状況の一覧です。,2026-08-30T03:23+09:00,web:bb62aded1e4ed62ec037,bb62aded1e4ed62ec037,八代市,八代コミュニティセンター,開設,true,---,,八代市新地町6-3,検索,,,,,https://portal.bousai.pref.kumamoto.jp/sp.html?p=evacuation%2Fshelter&l=15-0&ll=32.63819999999999%2C130.77610000000004&z=9&municipalityCd=430005,6988c8e7f85619e417b519a63497e30999cc8642769387cfe4027f18d15868dc,"{""ルート検索"": ""検索"", ""住所"": ""八代市新地町6-3"", ""市町村"": ""八代市"", ""混雑状況"": ""---"", ""避難所名"": ""八代コミュニティセンター"", ""開設状況"": ""開設""}",unmatched,fuzzy_below_threshold,0.799,0,,,,,,,,,,,[],,[],"[{""NO"": ""1229"", ""その他市町村長が必要と認める事項"": """", ""住所"": ""熊本県八代市上野町1193-1"", ""備考"": """", ""共通ID"": ""E4320200059111"", ""受入対象者"": """", ""指定緊急避難場所との住所同一"": ""1"", ""施設・場所名"": ""八千把コミュニティセンター"", ""経度"": ""130.6141942"", ""緯度"": ""32.51841666""}, {""NO"": ""1238"", ""その他市町村長が必要と認める事項"": """", ""住所"": ""熊本県八代市泉町栗木5866"", ""備考"": """", ""共通ID"": ""E4320200081111"", ""受入対象者"": """", ""指定緊急避難場所との住所同一"": ""1"", ""施設・場所名"": ""泉コミュニティセンター"", ""経度"": ""130.808105877186"", ""緯度"": ""32.5457986916214""}, {""NO"": ""1224"", ""その他市町村長が必要と認める事項"": """", ""住所"": ""熊本県八代市昭和明徴町730-1"", ""備考"": """", ""共通ID"": ""E4320200054111"", ""受入対象者"": """", ""指定緊急避難場所との住所同一"": ""1"", ""施設・場所名"": ""昭和コミュニティセンター"", ""経度"": ""130.6036164"", ""緯度"": ""32.55967579""}]",reference/43000_1.csv,a04f16cf2e53aec5caadda9c0d925342964483a45870933ec9882c48e957ea60,00000699,200,200,kumamoto_portal_map,2026-08-01T00:28:20+09:00,matched,portal_shelter_id,1.000,32.509161,130.590519,32.50916831,130.5905641,matched,manual_shelter_id,マニュアルジオコーディング(1).csv,35f5dae36fe4e9577c53f227bd933e4604ed40e589ee27a700add2b32438424c,32.50916831,130.5905641,manual_geocoding,manual_shelter_id,complete
2026-08-30,2026-08-30T03:23:27+09:00,26/08/30 03:23時点の避難所状況の一覧です。,2026-08-30T03:23+09:00,web:e764e8f9fcbea6a05c8a,e764e8f9fcbea6a05c8a,八代市,千丁コミュニティセンター,開設,true,---,,八代市千丁町新牟田1434,検索,,,,,https://portal.bousai.pref.kumamoto.jp/sp.html?p=evacuation%2Fshelter&l=15-0&ll=32.63819999999999%2C130.77610000000004&z=9&municipalityCd=430005,849f0940c9258b54148e6a5153b4e14823b6868ca6752f296be612ad7387f6b3,"{""ルート検索"": ""検索"", ""住所"": ""八代市千丁町新牟田1434"", ""市町村"": ""八代市"", ""混雑状況"": ""---"", ""避難所名"": ""千丁コミュニティセンター"", ""開設状況"": ""開設""}",unmatched,fuzzy_below_threshold,0.799,0,,,,,,,,,,,[],,[],"[{""NO"": ""1229"", ""その他市町村長が必要と認める事項"": """", ""住所"": ""熊本県八代市上野町1193-1"", ""備考"": """", ""共通ID"": ""E4320200059111"", ""受入対象者"": """", ""指定緊急避難場所との住所同一"": ""1"", ""施設・場所名"": ""八千把コミュニティセンター"", ""経度"": ""130.6141942"", ""緯度"": ""32.51841666""}, {""NO"": ""1238"", ""その他市町村長が必要と認める事項"": """", ""住所"": ""熊本県八代市泉町栗木5866"", ""備考"": """", ""共通ID"": ""E4320200081111"", ""受入対象者"": """", ""指定緊急避難場所との住所同一"": ""1"", ""施設・場所名"": ""泉コミュニティセンター"", ""経度"": ""130.808105877186"", ""緯度"": ""32.5457986916214""}, {""NO"": ""1224"", ""その他市町村長が必要と認める事項"": """", ""住所"": ""熊本県八代市昭和明徴町730-1"", ""備考"": """", ""共通ID"": ""E4320200054111"", ""受入対象者"": """", ""指定緊急避難場所との住所同一"": ""1"", ""施設・場所名"": ""昭和コミュニティセンター"", ""経度"": ""130.6036164"", ""緯度"": ""32.55967579""}]",reference/43000_1.csv,a04f16cf2e53aec5caadda9c0d925342964483a45870933ec9882c48e957ea60,00000705,100,100,kumamoto_portal_map,2026-08-01T00:28:20+09:00,matched,portal_shelter_id,1.000,32.535033,130.633638,32.53505565,130.6336801,matched,manual_shelter_id,マニュアルジオコーディング(1).csv,35f5dae36fe4e9577c53f227bd933e4604ed40e589ee27a700add2b32438424c,32.53505565,130.6336801,manual_geocoding,manual_shelter_id,complete
2026-08-30,2026-08-30T03:23:27+09:00,26/08/30 03:23時点の避難所状況の一覧です。,2026-08-30T03:23+09:00,web:e79d19687486af4f979e,e79d19687486af4f979e,八代市,坂本コミュニティセンター,開設,true,平常,,八代市坂本町坂本4161-1,検索,,,,,https://portal.bousai.pref.kumamoto.jp/sp.html?p=evacuation%2Fshelter&l=15-0&ll=32.63819999999999%2C130.77610000000004&z=9&municipalityCd=430005,9f0e1e81e4ab1837f21b52428b106125de3032a51a4f07e45d225e1376172649,"{""ルート検索"": ""検索"", ""住所"": ""八代市坂本町坂本4161-1"", ""市町村"": ""八代市"", ""混雑状況"": ""平常"", ""避難所名"": ""坂本コミュニティセンター"", ""開設状況"": ""開設""}",unmatched,fuzzy_below_threshold,0.775,0,,,,,,,,,,,[],,[],"[{""NO"": ""1238"", ""その他市町村長が必要と認める事項"": """", ""住所"": ""熊本県八代市泉町栗木5866"", ""備考"": """", ""共通ID"": ""E4320200081111"", ""受入対象者"": """", ""指定緊急避難場所との住所同一"": ""1"", ""施設・場所名"": ""泉コミュニティセンター"", ""経度"": ""130.808105877186"", ""緯度"": ""32.5457986916214""}, {""NO"": ""1224"", ""その他市町村長が必要と認める事項"": """", ""住所"": ""熊本県八代市昭和明徴町730-1"", ""備考"": """", ""共通ID"": ""E4320200054111"", ""受入対象者"": """", ""指定緊急避難場所との住所同一"": ""1"", ""施設・場所名"": ""昭和コミュニティセンター"", ""経度"": ""130.6036164"", ""緯度"": ""32.55967579""}, {""NO"": ""1258"", ""その他市町村長が必要と認める事項"": """", ""住所"": ""熊本県八代市本野町505"", ""備考"": """", ""共通ID"": ""E4320200118111"", ""受入対象者"": """", ""指定緊急避難場所との住所同一"": ""1"", ""施設・場所名"": ""高田コミュニティセンター"", ""経度"": ""130.6167216"", ""緯度"": ""32.48708486""}]",reference/43000_1.csv,a04f16cf2e53aec5caadda9c0d925342964483a45870933ec9882c48e957ea60,00000676,248,248,kumamoto_portal_map,2026-08-01T00:28:20+09:00,matched,portal_shelter_id,1.000,32.43511,130.65725,32.43640245,130.6579595,matched,manual_shelter_id,マニュアルジオコーディング(1).csv,35f5dae36fe4e9577c53f227bd933e4604ed40e589ee27a700add2b32438424c,32.43640245,130.6579595,manual_geocoding,manual_shelter_id,complete
2026-08-30,2026-08-30T03:23:27+09:00,26/08/30 03:23時点の避難所状況の一覧です。,2026-08-30T03:23+09:00,web:c29df28aaca34a945e9a,c29df28aaca34a945e9a,八代市,太田郷コミュニティセンター,開設,true,---,,八代市井上町601-1,検索,,,,,https://portal.bousai.pref.kumamoto.jp/sp.html?p=evacuation%2Fshelter&l=15-0&ll=32.63819999999999%2C130.77610000000004&z=9&municipalityCd=430005,e96297cb23590b2440d641d1600c1d94328149dbbaf121cf05bf6ba43d1350ec,"{""ルート検索"": ""検索"", ""住所"": ""八代市井上町601-1"", ""市町村"": ""八代市"", ""混雑状況"": ""---"", ""避難所名"": ""太田郷コミュニティセンター"", ""開設状況"": ""開設""}",unmatched,fuzzy_below_threshold,0.803,0,,,,,,,,,,,[],,[],"[{""NO"": ""1258"", ""その他市町村長が必要と認める事項"": """", ""住所"": ""熊本県八代市本野町505"", ""備考"": """", ""共通ID"": ""E4320200118111"", ""受入対象者"": """", ""指定緊急避難場所との住所同一"": ""1"", ""施設・場所名"": ""高田コミュニティセンター"", ""経度"": ""130.6167216"", ""緯度"": ""32.48708486""}, {""NO"": ""1238"", ""その他市町村長が必要と認める事項"": """", ""住所"": ""熊本県八代市泉町栗木5866"", ""備考"": """", ""共通ID"": ""E4320200081111"", ""受入対象者"": """", ""指定緊急避難場所との住所同一"": ""1"", ""施設・場所名"": ""泉コミュニティセンター"", ""経度"": ""130.808105877186"", ""緯度"": ""32.5457986916214""}]",reference/43000_1.csv,a04f16cf2e53aec5caadda9c0d925342964483a45870933ec9882c48e957ea60,00000682,300,300,kumamoto_portal_map,2026-08-01T00:28:20+09:00,matched,portal_shelter_id,1.000,32.515254,130.630074,32.51526673,130.6300121,matched,manual_shelter_id,マニュアルジオコーディング(1).csv,35f5dae36fe4e9577c53f227bd933e4604ed40e589ee27a700add2b32438424c,32.51526673,130.6300121,manual_geocoding,manual_shelter_id,complete
2026-08-30,2026-08-30T03:23:27+09:00,26/08/30 03:23時点の避難所状況の一覧です。,2026-08-30T03:23+09:00,web:710404e2616b9e6490cb,710404e2616b9e6490cb,八代市,宮地コミュニティセンター,開設,true,平常,,八代市宮地町383,検索,,,,,https://portal.bousai.pref.kumamoto.jp/sp.html?p=evacuation%2Fshelter&l=15-0&ll=32.63819999999999%2C130.77610000000004&z=9&municipalityCd=430005,ef88bc29893bb5d74b53142fab01eb39d03f8a8f46e1df1e611737a47cafdadf,"{""ルート検索"": ""検索"", ""住所"": ""八代市宮地町383"", ""市町村"": ""八代市"", ""混雑状況"": ""平常"", ""避難所名"": ""宮地コミュニティセンター"", ""開設状況"": ""開設""}",unmatched,fuzzy_below_threshold,0.793,0,,,,,,,,,,,[],,[],"[{""NO"": ""1238"", ""その他市町村長が必要と認める事項"": """", ""住所"": ""熊本県八代市泉町栗木5866"", ""備考"": """", ""共通ID"": ""E4320200081111"", ""受入対象者"": """", ""指定緊急避難場所との住所同一"": ""1"", ""施設・場所名"": ""泉コミュニティセンター"", ""経度"": ""130.808105877186"", ""緯度"": ""32.5457986916214""}, {""NO"": ""1224"", ""その他市町村長が必要と認める事項"": """", ""住所"": ""熊本県八代市昭和明徴町730-1"", ""備考"": """", ""共通ID"": ""E4320200054111"", ""受入対象者"": """", ""指定緊急避難場所との住所同一"": ""1"", ""施設・場所名"": ""昭和コミュニティセンター"", ""経度"": ""130.6036164"", ""緯度"": ""32.55967579""}, {""NO"": ""1258"", ""その他市町村長が必要と認める事項"": """", ""住所"": ""熊本県八代市本野町505"", ""備考"": """", ""共通ID"": ""E4320200118111"", ""受入対象者"": """", ""指定緊急避難場所との住所同一"": ""1"", ""施設・場所名"": ""高田コミュニティセンター"", ""経度"": ""130.6167216"", ""緯度"": ""32.48708486""}]",reference/43000_1.csv,a04f16cf2e53aec5caadda9c0d925342964483a45870933ec9882c48e957ea60,00000697,200,200,kumamoto_portal_map,2026-08-01T00:28:20+09:00,matched,portal_shelter_id,1.000,32.499364,130.639846,32.49941316,130.6398492,matched,manual_shelter_id,マニュアルジオコーディング(1).csv,35f5dae36fe4e9577c53f227bd933e4604ed40e589ee27a700add2b32438424c,32.49941316,130.6398492,manual_geocoding,manual_shelter_id,complete
2026-08-30,2026-08-30T03:23:27+09:00,26/08/30 03:23時点の避難所状況の一覧です。,2026-08-30T03:23+09:00,web:8513d22811c260b7b14f,8513d22811c260b7b14f,八代市,宮地東コミュニティセンター,開設,true,---,,熊本県八代市東町5497-1,検索,,,,,https://portal.bousai.pref.kumamoto.jp/sp.html?p=evacuation%2Fshelter&l=15-0&ll=32.63819999999999%2C130.77610000000004&z=9&municipalityCd=430005,5ce98afc6dc8cda68285e9e7ca855573044473f253985f6106d5941544c2ea12,"{""ルート検索"": ""検索"", ""住所"": ""熊本県八代市東町5497-1"", ""市町村"": ""八代市"", ""混雑状況"": ""---"", ""避難所名"": ""宮地東コミュニティセンター"", ""開設状況"": ""開設""}",unmatched,fuzzy_below_threshold,0.753,0,,,,,,,,,,,[],,[],"[{""NO"": ""1238"", ""その他市町村長が必要と認める事項"": """", ""住所"": ""熊本県八代市泉町栗木5866"", ""備考"": """", ""共通ID"": ""E4320200081111"", ""受入対象者"": """", ""指定緊急避難場所との住所同一"": ""1"", ""施設・場所名"": ""泉コミュニティセンター"", ""経度"": ""130.808105877186"", ""緯度"": ""32.5457986916214""}]",reference/43000_1.csv,a04f16cf2e53aec5caadda9c0d925342964483a45870933ec9882c48e957ea60,00002245,43,43,kumamoto_portal_map,2026-08-01T00:28:20+09:00,matched,portal_shelter_id,1.000,32.50628140887411,130.66889762878415,32.50612206,130.668706,matched,manual_shelter_id,マニュアルジオコーディング(1).csv,35f5dae36fe4e9577c53f227bd933e4604ed40e589ee27a700add2b32438424c,32.50612206,130.668706,manual_geocoding,manual_shelter_id,complete
2026-08-30,2026-08-30T03:23:27+09:00,26/08/30 03:23時点の避難所状況の一覧です。,2026-08-30T03:23+09:00,web:a0080c6f1fba23229f56,a0080c6f1fba23229f56,八代市,希望の里たいよう,開設,true,---,,八代市高下西町1704,検索,,,,,https://portal.bousai.pref.kumamoto.jp/sp.html?p=evacuation%2Fshelter&l=15-0&ll=32.63819999999999%2C130.77610000000004&z=9&municipalityCd=430005,79c27246e7247ef2d11e6bfff6832194667b04afcd0daa9c8aaf061b1781b372,"{""ルート検索"": ""検索"", ""住所"": ""八代市高下西町1704"", ""市町村"": ""八代市"", ""混雑状況"": ""---"", ""避難所名"": ""希望の里たいよう"", ""開設状況"": ""開設""}",unmatched,no_candidate,,0,,,,,,,,,,,[],,[],[],reference/43000_1.csv,a04f16cf2e53aec5caadda9c0d925342964483a45870933ec9882c48e957ea60,00000782,50,50,kumamoto_portal_map,2026-08-01T00:28:20+09:00,matched,portal_shelter_id,1.000,32.487897,130.609082,,,unmatched,manual_no_match,,,32.487897,130.609082,kumamoto_portal,portal_latitude_longitude,complete
2026-08-30,2026-08-30T03:23:27+09:00,26/08/30 03:23時点の避難所状況の一覧です。,2026-08-30T03:23+09:00,web:4575005230b2c09ac404,4575005230b2c09ac404,八代市,文政小学校,開設,true,---,,八代市鏡町両出1371-1,検索,,,,,https://portal.bousai.pref.kumamoto.jp/sp.html?p=evacuation%2Fshelter&l=15-0&ll=32.63819999999999%2C130.77610000000004&z=9&municipalityCd=430005,c38a57f13c95a3a55d829eea93396c1e04088dcfb94909ed0b8cb40ebc99faf6,"{""ルート検索"": ""検索"", ""住所"": ""八代市鏡町両出1371-1"", ""市町村"": ""八代市"", ""混雑状況"": ""---"", ""避難所名"": ""文政小学校"", ""開設状況"": ""開設""}",unmatched,no_candidate,,0,,,,,,,,,,,[],,[],[],reference/43000_1.csv,a04f16cf2e53aec5caadda9c0d925342964483a45870933ec9882c48e957ea60,00000768,350,350,kumamoto_portal_map,2026-08-01T00:28:20+09:00,matched,portal_shelter_id,1.000,32.560698,130.633131,32.56071438,130.6332559,matched,manual_shelter_id,マニュアルジオコーディング(1).csv,35f5dae36fe4e9577c53f227bd933e4604ed40e589ee27a700add2b32438424c,32.56071438,130.6332559,manual_geocoding,manual_shelter_id,complete
2026-08-30,2026-08-30T03:23:27+09:00,26/08/30 03:23時点の避難所状況の一覧です。,2026-08-30T03:23+09:00,web:815d88420b847e32a5a4,815d88420b847e32a5a4,八代市,日奈久小学校,開設,true,平常,,八代市日奈久竹之内町4277-1,検索,,,,,https://portal.bousai.pref.kumamoto.jp/sp.html?p=evacuation%2Fshelter&l=15-0&ll=32.63819999999999%2C130.77610000000004&z=9&municipalityCd=430005,ef5ff3ad9c211e8383da52cfaa886a603ef54c143f7ab8512672cd4a1f740170,"{""ルート検索"": ""検索"", ""住所"": ""八代市日奈久竹之内町4277-1"", ""市町村"": ""八代市"", ""混雑状況"": ""平常"", ""避難所名"": ""日奈久小学校"", ""開設状況"": ""開設""}",unmatched,no_candidate,,0,,,,,,,,,,,[],,[],[],reference/43000_1.csv,a04f16cf2e53aec5caadda9c0d925342964483a45870933ec9882c48e957ea60,00000720,980,980,kumamoto_portal_map,2026-08-01T00:28:20+09:00,matched,portal_shelter_id,1.000,32.439129,130.581568,32.43916945,130.581419,matched,manual_shelter_id,マニュアルジオコーディング(1).csv,35f5dae36fe4e9577c53f227bd933e4604ed40e589ee27a700add2b32438424c,32.43916945,130.581419,manual_geocoding,manual_shelter_id,complete
2026-08-30,2026-08-30T03:23:27+09:00,26/08/30 03:23時点の避難所状況の一覧です。,2026-08-30T03:23+09:00,web:08270fcb0947b18bb99d,08270fcb0947b18bb99d,八代市,有佐小学校,開設,true,平常,,八代市鏡町中島1360-1,検索,,,,,https://portal.bousai.pref.kumamoto.jp/sp.html?p=evacuation%2Fshelter&l=15-0&ll=32.63819999999999%2C130.77610000000004&z=9&municipalityCd=430005,5f22a36b4eb6b2e775e8ae72ae6e66d93ecbe762103cbb3e44e43bef96be5aff,"{""ルート検索"": ""検索"", ""住所"": ""八代市鏡町中島1360-1"", ""市町村"": ""八代市"", ""混雑状況"": ""平常"", ""避難所名"": ""有佐小学校"", ""開設状況"": ""開設""}",unmatched,no_candidate,,0,,,,,,,,,,,[],,[],[],reference/43000_1.csv,a04f16cf2e53aec5caadda9c0d925342964483a45870933ec9882c48e957ea60,00000770,280,280,kumamoto_portal_map,2026-08-01T00:28:20+09:00,matched,portal_shelter_id,1.000,32.553397,130.665391,32.55325131,130.6655909,matched,manual_shelter_id,マニュアルジオコーディング(1).csv,35f5dae36fe4e9577c53f227bd933e4604ed40e589ee27a700add2b32438424c,32.55325131,130.6655909,manual_geocoding,manual_shelter_id,complete
2026-08-30,2026-08-30T03:23:27+09:00,26/08/30 03:23時点の避難所状況の一覧です。,2026-08-30T03:23+09:00,web:b84833b5c2083bfd9c43,b84833b5c2083bfd9c43,八代市,松高コミュニティセンター,開設,true,平常,,八代市永碇町754-2,検索,,,,,https://portal.bousai.pref.kumamoto.jp/sp.html?p=evacuation%2Fshelter&l=15-0&ll=32.63819999999999%2C130.77610000000004&z=9&municipalityCd=430005,2f5dfb54a4b98ce34c47c1687a1f3e8a1f9d145e1c38bf2c5f4529568e560bc2,"{""ルート検索"": ""検索"", ""住所"": ""八代市永碇町754-2"", ""市町村"": ""八代市"", ""混雑状況"": ""平常"", ""避難所名"": ""松高コミュニティセンター"", ""開設状況"": ""開設""}",unmatched,fuzzy_below_threshold,0.835,0,,,,,,,,,,,[],,[],"[{""NO"": ""1258"", ""その他市町村長が必要と認める事項"": """", ""住所"": ""熊本県八代市本野町505"", ""備考"": """", ""共通ID"": ""E4320200118111"", ""受入対象者"": """", ""指定緊急避難場所との住所同一"": ""1"", ""施設・場所名"": ""高田コミュニティセンター"", ""経度"": ""130.6167216"", ""緯度"": ""32.48708486""}, {""NO"": ""1238"", ""その他市町村長が必要と認める事項"": """", ""住所"": ""熊本県八代市泉町栗木5866"", ""備考"": """", ""共通ID"": ""E4320200081111"", ""受入対象者"": """", ""指定緊急避難場所との住所同一"": ""1"", ""施設・場所名"": ""泉コミュニティセンター"", ""経度"": ""130.808105877186"", ""緯度"": ""32.5457986916214""}, {""NO"": ""1224"", ""その他市町村長が必要と認める事項"": """", ""住所"": ""熊本県八代市昭和明徴町730-1"", ""備考"": """", ""共通ID"": ""E4320200054111"", ""受入対象者"": """", ""指定緊急避難場所との住所同一"": ""1"", ""施設・場所名"": ""昭和コミュニティセンター"", ""経度"": ""130.6036164"", ""緯度"": ""32.55967579""}]",reference/43000_1.csv,a04f16cf2e53aec5caadda9c0d925342964483a45870933ec9882c48e957ea60,00000696,200,200,kumamoto_portal_map,2026-08-01T00:28:20+09:00,matched,portal_shelter_id,1.000,32.519355,130.592269,32.5193312,130.5922725,matched,manual_shelter_id,マニュアルジオコーディング(1).csv,35f5dae36fe4e9577c53f227bd933e4604ed40e589ee27a700add2b32438424c,32.5193312,130.5922725,manual_geocoding,manual_shelter_id,complete
2026-08-30,2026-08-30T03:23:27+09:00,26/08/30 03:23時点の避難所状況の一覧です。,2026-08-30T03:23+09:00,web:b0bf2502c50ff9181c58,b0bf2502c50ff9181c58,八代市,松高小学校,開設,true,---,,八代市永碇町828-1,検索,,,,,https://portal.bousai.pref.kumamoto.jp/sp.html?p=evacuation%2Fshelter&l=15-0&ll=32.63819999999999%2C130.77610000000004&z=9&municipalityCd=430005,8624d6f89757fa7b9cf55cd55ec5842abf13c5515dcbad1e4b0455af258e91bc,"{""ルート検索"": ""検索"", ""住所"": ""八代市永碇町828-1"", ""市町村"": ""八代市"", ""混雑状況"": ""---"", ""避難所名"": ""松高小学校"", ""開設状況"": ""開設""}",unmatched,no_candidate,,0,,,,,,,,,,,[],,[],[],reference/43000_1.csv,a04f16cf2e53aec5caadda9c0d925342964483a45870933ec9882c48e957ea60,00000722,964,964,kumamoto_portal_map,2026-08-01T00:28:20+09:00,matched,portal_shelter_id,1.000,32.51881,130.594621,32.51867439,130.5946769,matched,manual_shelter_id,マニュアルジオコーディング(1).csv,35f5dae36fe4e9577c53f227bd933e4604ed40e589ee27a700add2b32438424c,32.51867439,130.5946769,manual_geocoding,manual_shelter_id,complete
2026-08-30,2026-08-30T03:23:27+09:00,26/08/30 03:23時点の避難所状況の一覧です。,2026-08-30T03:23+09:00,web:0c70f9a6030e3856cae7,0c70f9a6030e3856cae7,八代市,植柳コミュニティセンター,開設,true,---,,八代市植柳下町4251-2,検索,,,,,https://portal.bousai.pref.kumamoto.jp/sp.html?p=evacuation%2Fshelter&l=15-0&ll=32.63819999999999%2C130.77610000000004&z=9&municipalityCd=430005,951e8d4aef0308239f39f1bac200f5813b136c6c98d2ca106996d6cbc18ec814,"{""ルート検索"": ""検索"", ""住所"": ""八代市植柳下町4251-2"", ""市町村"": ""八代市"", ""混雑状況"": ""---"", ""避難所名"": ""植柳コミュニティセンター"", ""開設状況"": ""開設""}",unmatched,fuzzy_below_threshold,0.778,0,,,,,,,,,,,[],,[],"[{""NO"": ""1238"", ""その他市町村長が必要と認める事項"": """", ""住所"": ""熊本県八代市泉町栗木5866"", ""備考"": """", ""共通ID"": ""E4320200081111"", ""受入対象者"": """", ""指定緊急避難場所との住所同一"": ""1"", ""施設・場所名"": ""泉コミュニティセンター"", ""経度"": ""130.808105877186"", ""緯度"": ""32.5457986916214""}, {""NO"": ""1217"", ""その他市町村長が必要と認める事項"": """", ""住所"": ""熊本県八代市古城町2259"", ""備考"": """", ""共通ID"": ""E4320200033111"", ""受入対象者"": """", ""指定緊急避難場所との住所同一"": ""1"", ""施設・場所名"": ""麦島コミュニティセンター"", ""経度"": ""130.5926186"", ""緯度"": ""32.49742503""}, {""NO"": ""1258"", ""その他市町村長が必要と認める事項"": """", ""住所"": ""熊本県八代市本野町505"", ""備考"": """", ""共通ID"": ""E4320200118111"", ""受入対象者"": """", ""指定緊急避難場所との住所同一"": ""1"", ""施設・場所名"": ""高田コミュニティセンター"", ""経度"": ""130.6167216"", ""緯度"": ""32.48708486""}]",reference/43000_1.csv,a04f16cf2e53aec5caadda9c0d925342964483a45870933ec9882c48e957ea60,00000689,200,200,kumamoto_portal_map,2026-08-01T00:28:20+09:00,matched,portal_shelter_id,1.000,32.485413,130.598749,32.48545392,130.5987681,matched,manual_shelter_id,マニュアルジオコーディング(1).csv,35f5dae36fe4e9577c53f227bd933e4604ed40e589ee27a700add2b32438424c,32.48545392,130.5987681,manual_geocoding,manual_shelter_id,complete
2026-08-30,2026-08-30T03:23:27+09:00,26/08/30 03:23時点の避難所状況の一覧です。,2026-08-30T03:23+09:00,web:8798ad523c24fcd66dc7,8798ad523c24fcd66dc7,八代市,植柳小学校,開設,true,---,,八代市植柳上町449,検索,,,,,https://portal.bousai.pref.kumamoto.jp/sp.html?p=evacuation%2Fshelter&l=15-0&ll=32.63819999999999%2C130.77610000000004&z=9&municipalityCd=430005,7d9bd73822fb299efb1ed2a5807dcb8d459b6e0f218abf41169668e9edcdf295,"{""ルート検索"": ""検索"", ""住所"": ""八代市植柳上町449"", ""市町村"": ""八代市"", ""混雑状況"": ""---"", ""避難所名"": ""植柳小学校"", ""開設状況"": ""開設""}",unmatched,no_candidate,,0,,,,,,,,,,,[],,[],[],reference/43000_1.csv,a04f16cf2e53aec5caadda9c0d925342964483a45870933ec9882c48e957ea60,00000717,1160,1160,kumamoto_portal_map,2026-08-01T00:28:20+09:00,matched,portal_shelter_id,1.000,32.492221,130.603365,32.49197175,130.6032396,matched,manual_shelter_id,マニュアルジオコーディング(1).csv,35f5dae36fe4e9577c53f227bd933e4604ed40e589ee27a700add2b32438424c,32.49197175,130.6032396,manual_geocoding,manual_shelter_id,complete
2026-08-30,2026-08-30T03:23:27+09:00,26/08/30 03:23時点の避難所状況の一覧です。,2026-08-30T03:23+09:00,web:3ff88ff210a8c8e57d64,3ff88ff210a8c8e57d64,八代市,第一中学校,開設,true,---,,八代市北の丸町1-29,検索,,,,,https://portal.bousai.pref.kumamoto.jp/sp.html?p=evacuation%2Fshelter&l=15-0&ll=32.63819999999999%2C130.77610000000004&z=9&municipalityCd=430005,d2be050d62fd02594abbac3b3ec3b21e96588920a37d92983615fcd045d5701d,"{""ルート検索"": ""検索"", ""住所"": ""八代市北の丸町1-29"", ""市町村"": ""八代市"", ""混雑状況"": ""---"", ""避難所名"": ""第一中学校"", ""開設状況"": ""開設""}",unmatched,exact_name_municipality_conflict,,0,,,,,,,,,,,[],,[],"[{""NO"": ""894"", ""その他市町村長が必要と認める事項"": """", ""住所"": ""熊本県人吉市土手町36-3"", ""備考"": """", ""共通ID"": ""E4320300029111"", ""受入対象者"": """", ""指定緊急避難場所との住所同一"": ""1"", ""施設・場所名"": ""第一中学校"", ""経度"": ""130.759332"", ""緯度"": ""32.207752""}]",reference/43000_1.csv,a04f16cf2e53aec5caadda9c0d925342964483a45870933ec9882c48e957ea60,00000715,1300,1300,kumamoto_portal_map,2026-08-01T00:28:20+09:00,matched,portal_shelter_id,1.000,32.510353,130.599415,32.51035452,130.5993773,matched,manual_shelter_id,マニュアルジオコーディング(1).csv,35f5dae36fe4e9577c53f227bd933e4604ed40e589ee27a700add2b32438424c,32.51035452,130.5993773,manual_geocoding,manual_shelter_id,complete
2026-08-30,2026-08-30T03:23:27+09:00,26/08/30 03:23時点の避難所状況の一覧です。,2026-08-30T03:23+09:00,web:6ffd1b1e85b2aafface8,6ffd1b1e85b2aafface8,八代市,第二中学校,開設,true,---,,八代市上日置町2248-1,検索,,,,,https://portal.bousai.pref.kumamoto.jp/sp.html?p=evacuation%2Fshelter&l=15-0&ll=32.63819999999999%2C130.77610000000004&z=9&municipalityCd=430005,dd2c4bedb20ab94a481e422ba7bbc6333a15c83fb2a8ff3b486758f9a9614dc9,"{""ルート検索"": ""検索"", ""住所"": ""八代市上日置町2248-1"", ""市町村"": ""八代市"", ""混雑状況"": ""---"", ""避難所名"": ""第二中学校"", ""開設状況"": ""開設""}",unmatched,exact_name_municipality_conflict,,0,,,,,,,,,,,[],,[],"[{""NO"": ""885"", ""その他市町村長が必要と認める事項"": """", ""住所"": ""熊本県人吉市上林町622"", ""備考"": """", ""共通ID"": ""E4320300019111"", ""受入対象者"": """", ""指定緊急避難場所との住所同一"": ""1"", ""施設・場所名"": ""第二中学校"", ""経度"": ""130.744083"", ""緯度"": ""32.22168798""}]",reference/43000_1.csv,a04f16cf2e53aec5caadda9c0d925342964483a45870933ec9882c48e957ea60,00000714,1400,1400,kumamoto_portal_map,2026-08-01T00:28:20+09:00,matched,portal_shelter_id,1.000,32.510926,130.62463,32.51095789,130.6245325,matched,manual_shelter_id,マニュアルジオコーディング(1).csv,35f5dae36fe4e9577c53f227bd933e4604ed40e589ee27a700add2b32438424c,32.51095789,130.6245325,manual_geocoding,manual_shelter_id,complete
2026-08-30,2026-08-30T03:23:27+09:00,26/08/30 03:23時点の避難所状況の一覧です。,2026-08-30T03:23+09:00,web:64ecc73c663a49ce26f2,64ecc73c663a49ce26f2,八代市,第五中学校,開設,true,平常,,八代市豊原下町3807,検索,,,,,https://portal.bousai.pref.kumamoto.jp/sp.html?p=evacuation%2Fshelter&l=15-0&ll=32.63819999999999%2C130.77610000000004&z=9&municipalityCd=430005,b0dcf818d8916fcaaf1064eb41ce198908d486b4c1bf0e70f5324d99da14eb28,"{""ルート検索"": ""検索"", ""住所"": ""八代市豊原下町3807"", ""市町村"": ""八代市"", ""混雑状況"": ""平常"", ""避難所名"": ""第五中学校"", ""開設状況"": ""開設""}",unmatched,no_candidate,,0,,,,,,,,,,,[],,[],[],reference/43000_1.csv,a04f16cf2e53aec5caadda9c0d925342964483a45870933ec9882c48e957ea60,00000735,580,580,kumamoto_portal_map,2026-08-01T00:28:20+09:00,matched,portal_shelter_id,1.000,32.483684,130.615509,32.4838707,130.6149008,matched,manual_shelter_id,マニュアルジオコーディング(1).csv,35f5dae36fe4e9577c53f227bd933e4604ed40e589ee27a700add2b32438424c,32.4838707,130.6149008,manual_geocoding,manual_shelter_id,complete
2026-08-30,2026-08-30T03:23:27+09:00,26/08/30 03:23時点の避難所状況の一覧です。,2026-08-30T03:23+09:00,web:b23fba6e2757aa4d02da,b23fba6e2757aa4d02da,八代市,第八中学校,開設,true,---,,八代市西宮町656,検索,,,,,https://portal.bousai.pref.kumamoto.jp/sp.html?p=evacuation%2Fshelter&l=15-0&ll=32.63819999999999%2C130.77610000000004&z=9&municipalityCd=430005,e0fa990b8ad4782885734ac3e1d7a20f954f444319131a595c5b8a6cfb60c9d6,"{""ルート検索"": ""検索"", ""住所"": ""八代市西宮町656"", ""市町村"": ""八代市"", ""混雑状況"": ""---"", ""避難所名"": ""第八中学校"", ""開設状況"": ""開設""}",unmatched,no_candidate,,0,,,,,,,,,,,[],,[],[],reference/43000_1.csv,a04f16cf2e53aec5caadda9c0d925342964483a45870933ec9882c48e957ea60,00000740,460,460,kumamoto_portal_map,2026-08-01T00:28:20+09:00,matched,portal_shelter_id,1.000,32.49948,130.634122,32.49861745,130.6353691,matched,manual_shelter_id,マニュアルジオコーディング(1).csv,35f5dae36fe4e9577c53f227bd933e4604ed40e589ee27a700add2b32438424c,32.49861745,130.6353691,manual_geocoding,manual_shelter_id,complete
2026-08-30,2026-08-30T03:23:27+09:00,26/08/30 03:23時点の避難所状況の一覧です。,2026-08-30T03:23+09:00,web:b71403ebb89f13bc5ba9,b71403ebb89f13bc5ba9,八代市,第六中学校,開設,true,---,,八代市水島町2065-4,検索,,,,,https://portal.bousai.pref.kumamoto.jp/sp.html?p=evacuation%2Fshelter&l=15-0&ll=32.63819999999999%2C130.77610000000004&z=9&municipalityCd=430005,b3a3c5e8f289e539d8eb67e693e45f4e3cccc0603c4391cd3b5798381ee290da,"{""ルート検索"": ""検索"", ""住所"": ""八代市水島町2065-4"", ""市町村"": ""八代市"", ""混雑状況"": ""---"", ""避難所名"": ""第六中学校"", ""開設状況"": ""開設""}",unmatched,no_candidate,,0,,,,,,,,,,,[],,[],[],reference/43000_1.csv,a04f16cf2e53aec5caadda9c0d925342964483a45870933ec9882c48e957ea60,00000728,680,680,kumamoto_portal_map,2026-08-01T00:28:20+09:00,matched,portal_shelter_id,1.000,32.480569,130.579732,32.48056681,130.5795679,matched,manual_shelter_id,マニュアルジオコーディング(1).csv,35f5dae36fe4e9577c53f227bd933e4604ed40e589ee27a700add2b32438424c,32.48056681,130.5795679,manual_geocoding,manual_shelter_id,complete
2026-08-30,2026-08-30T03:23:27+09:00,26/08/30 03:23時点の避難所状況の一覧です。,2026-08-30T03:23+09:00,web:960b3eb957d534cb572f,960b3eb957d534cb572f,八代市,第四中学校,開設,true,---,,八代市古閑上町182-2,検索,,,,,https://portal.bousai.pref.kumamoto.jp/sp.html?p=evacuation%2Fshelter&l=15-0&ll=32.63819999999999%2C130.77610000000004&z=9&municipalityCd=430005,2bc0bafeed38f6cc4c1f55ab5edb428419d563278e61cdc7a15cde4f17c07257,"{""ルート検索"": ""検索"", ""住所"": ""八代市古閑上町182-2"", ""市町村"": ""八代市"", ""混雑状況"": ""---"", ""避難所名"": ""第四中学校"", ""開設状況"": ""開設""}",unmatched,no_candidate,,0,,,,,,,,,,,[],,[],[],reference/43000_1.csv,a04f16cf2e53aec5caadda9c0d925342964483a45870933ec9882c48e957ea60,00000727,740,740,kumamoto_portal_map,2026-08-01T00:28:20+09:00,matched,portal_shelter_id,1.000,32.519136,130.612309,32.51908497,130.6122824,matched,manual_shelter_id,マニュアルジオコーディング(1).csv,35f5dae36fe4e9577c53f227bd933e4604ed40e589ee27a700add2b32438424c,32.51908497,130.6122824,manual_geocoding,manual_shelter_id,complete
2026-08-30,2026-08-30T03:23:27+09:00,26/08/30 03:23時点の避難所状況の一覧です。,2026-08-30T03:23+09:00,web:9f37c522cfe941422689,9f37c522cfe941422689,八代市,郡築コミュニティセンター,開設,true,---,,八代市郡築六番町61-2,検索,,,,,https://portal.bousai.pref.kumamoto.jp/sp.html?p=evacuation%2Fshelter&l=15-0&ll=32.63819999999999%2C130.77610000000004&z=9&municipalityCd=430005,7c4c9db2d130f43b0463872b020a125f8032de94bc54cfba6f671da8d70bb6ba,"{""ルート検索"": ""検索"", ""住所"": ""八代市郡築六番町61-2"", ""市町村"": ""八代市"", ""混雑状況"": ""---"", ""避難所名"": ""郡築コミュニティセンター"", ""開設状況"": ""開設""}",unmatched,fuzzy_below_threshold,0.785,0,,,,,,,,,,,[],,[],"[{""NO"": ""1238"", ""その他市町村長が必要と認める事項"": """", ""住所"": ""熊本県八代市泉町栗木5866"", ""備考"": """", ""共通ID"": ""E4320200081111"", ""受入対象者"": """", ""指定緊急避難場所との住所同一"": ""1"", ""施設・場所名"": ""泉コミュニティセンター"", ""経度"": ""130.808105877186"", ""緯度"": ""32.5457986916214""}, {""NO"": ""1217"", ""その他市町村長が必要と認める事項"": """", ""住所"": ""熊本県八代市古城町2259"", ""備考"": """", ""共通ID"": ""E4320200033111"", ""受入対象者"": """", ""指定緊急避難場所との住所同一"": ""1"", ""施設・場所名"": ""麦島コミュニティセンター"", ""経度"": ""130.5926186"", ""緯度"": ""32.49742503""}, {""NO"": ""1224"", ""その他市町村長が必要と認める事項"": """", ""住所"": ""熊本県八代市昭和明徴町730-1"", ""備考"": """", ""共通ID"": ""E4320200054111"", ""受入対象者"": """", ""指定緊急避難場所との住所同一"": ""1"", ""施設・場所名"": ""昭和コミュニティセンター"", ""経度"": ""130.6036164"", ""緯度"": ""32.55967579""}]",reference/43000_1.csv,a04f16cf2e53aec5caadda9c0d925342964483a45870933ec9882c48e957ea60,00000690,200,200,kumamoto_portal_map,2026-08-01T00:28:20+09:00,matched,portal_shelter_id,1.000,32.535476,130.573006,32.53544662,130.5729516,matched,manual_shelter_id,マニュアルジオコーディング(1).csv,35f5dae36fe4e9577c53f227bd933e4604ed40e589ee27a700add2b32438424c,32.53544662,130.5729516,manual_geocoding,manual_shelter_id,complete
2026-08-30,2026-08-30T03:23:27+09:00,26/08/30 03:23時点の避難所状況の一覧です。,2026-08-30T03:23+09:00,web:285305d25632a76bc41f,285305d25632a76bc41f,八代市,金剛コミュニティセンター,開設,true,---,,八代市高植本町800-2,検索,,,,,https://portal.bousai.pref.kumamoto.jp/sp.html?p=evacuation%2Fshelter&l=15-0&ll=32.63819999999999%2C130.77610000000004&z=9&municipalityCd=430005,b2d554425ddf143eb88cc4da1f44902cc00aa0cceaba36b560bac6e443a149ed,"{""ルート検索"": ""検索"", ""住所"": ""八代市高植本町800-2"", ""市町村"": ""八代市"", ""混雑状況"": ""---"", ""避難所名"": ""金剛コミュニティセンター"", ""開設状況"": ""開設""}",unmatched,fuzzy_below_threshold,0.781,0,,,,,,,,,,,[],,[],"[{""NO"": ""1238"", ""その他市町村長が必要と認める事項"": """", ""住所"": ""熊本県八代市泉町栗木5866"", ""備考"": """", ""共通ID"": ""E4320200081111"", ""受入対象者"": """", ""指定緊急避難場所との住所同一"": ""1"", ""施設・場所名"": ""泉コミュニティセンター"", ""経度"": ""130.808105877186"", ""緯度"": ""32.5457986916214""}, {""NO"": ""1258"", ""その他市町村長が必要と認める事項"": """", ""住所"": ""熊本県八代市本野町505"", ""備考"": """", ""共通ID"": ""E4320200118111"", ""受入対象者"": """", ""指定緊急避難場所との住所同一"": ""1"", ""施設・場所名"": ""高田コミュニティセンター"", ""経度"": ""130.6167216"", ""緯度"": ""32.48708486""}, {""NO"": ""1224"", ""その他市町村長が必要と認める事項"": """", ""住所"": ""熊本県八代市昭和明徴町730-1"", ""備考"": """", ""共通ID"": ""E4320200054111"", ""受入対象者"": """", ""指定緊急避難場所との住所同一"": ""1"", ""施設・場所名"": ""昭和コミュニティセンター"", ""経度"": ""130.6036164"", ""緯度"": ""32.55967579""}]",reference/43000_1.csv,a04f16cf2e53aec5caadda9c0d925342964483a45870933ec9882c48e957ea60,00000692,200,200,kumamoto_portal_map,2026-08-01T00:28:20+09:00,matched,portal_shelter_id,1.000,32.471839,130.584529,32.46986241,130.5882392,matched,manual_shelter_id,マニュアルジオコーディング(1).csv,35f5dae36fe4e9577c53f227bd933e4604ed40e589ee27a700add2b32438424c,32.46986241,130.5882392,manual_geocoding,manual_shelter_id,complete
2026-08-30,2026-08-30T03:23:27+09:00,26/08/30 03:23時点の避難所状況の一覧です。,2026-08-30T03:23+09:00,web:71f2957e68ed27aa29b3,71f2957e68ed27aa29b3,八代市,鏡コミュニティセンター,開設,true,平常,,八代市鏡町内田1339-1,検索,,,,,https://portal.bousai.pref.kumamoto.jp/sp.html?p=evacuation%2Fshelter&l=15-0&ll=32.63819999999999%2C130.77610000000004&z=9&municipalityCd=430005,7186eae3aeb287e8fab3cb9b9bfb9a57bee41bd309c1a068af73fd1499a23843,"{""ルート検索"": ""検索"", ""住所"": ""八代市鏡町内田1339-1"", ""市町村"": ""八代市"", ""混雑状況"": ""平常"", ""避難所名"": ""鏡コミュニティセンター"", ""開設状況"": ""開設""}",unmatched,fuzzy_below_threshold,0.800,0,,,,,,,,,,,[],,[],"[{""NO"": ""1224"", ""その他市町村長が必要と認める事項"": """", ""住所"": ""熊本県八代市昭和明徴町730-1"", ""備考"": """", ""共通ID"": ""E4320200054111"", ""受入対象者"": """", ""指定緊急避難場所との住所同一"": ""1"", ""施設・場所名"": ""昭和コミュニティセンター"", ""経度"": ""130.6036164"", ""緯度"": ""32.55967579""}, {""NO"": ""1238"", ""その他市町村長が必要と認める事項"": """", ""住所"": ""熊本県八代市泉町栗木5866"", ""備考"": """", ""共通ID"": ""E4320200081111"", ""受入対象者"": """", ""指定緊急避難場所との住所同一"": ""1"", ""施設・場所名"": ""泉コミュニティセンター"", ""経度"": ""130.808105877186"", ""緯度"": ""32.5457986916214""}, {""NO"": ""1229"", ""その他市町村長が必要と認める事項"": """", ""住所"": ""熊本県八代市上野町1193-1"", ""備考"": """", ""共通ID"": ""E4320200059111"", ""受入対象者"": """", ""指定緊急避難場所との住所同一"": ""1"", ""施設・場所名"": ""八千把コミュニティセンター"", ""経度"": ""130.6141942"", ""緯度"": ""32.51841666""}]",reference/43000_1.csv,a04f16cf2e53aec5caadda9c0d925342964483a45870933ec9882c48e957ea60,00000684,250,250,kumamoto_portal_map,2026-08-01T00:28:20+09:00,matched,portal_shelter_id,1.000,32.562104,130.644848,32.5620777,130.6450169,matched,manual_shelter_id,マニュアルジオコーディング(1).csv,35f5dae36fe4e9577c53f227bd933e4604ed40e589ee27a700add2b32438424c,32.5620777,130.6450169,manual_geocoding,manual_shelter_id,complete
2026-08-30,2026-08-30T03:23:27+09:00,26/08/30 03:23時点の避難所状況の一覧です。,2026-08-30T03:23+09:00,web:97a7c66c4ffa0e24bc31,97a7c66c4ffa0e24bc31,八代市,鏡中学校,開設,true,---,,八代市鏡町内田1038-1,検索,,,,,https://portal.bousai.pref.kumamoto.jp/sp.html?p=evacuation%2Fshelter&l=15-0&ll=32.63819999999999%2C130.77610000000004&z=9&municipalityCd=430005,b098a9cfa06f76f18a03ef1e3617d099d5345a1f90a6e94a386c13d25515b8c8,"{""ルート検索"": ""検索"", ""住所"": ""八代市鏡町内田1038-1"", ""市町村"": ""八代市"", ""混雑状況"": ""---"", ""避難所名"": ""鏡中学校"", ""開設状況"": ""開設""}",unmatched,no_candidate,,0,,,,,,,,,,,[],,[],[],reference/43000_1.csv,a04f16cf2e53aec5caadda9c0d925342964483a45870933ec9882c48e957ea60,00000744,370,370,kumamoto_portal_map,2026-08-01T00:28:20+09:00,matched,portal_shelter_id,1.000,32.560646,130.645834,,,unmatched,manual_no_match,,,32.560646,130.645834,kumamoto_portal,portal_latitude_longitude,complete
2026-08-30,2026-08-30T03:23:27+09:00,26/08/30 03:23時点の避難所状況の一覧です。,2026-08-30T03:23+09:00,web:fc07d4550a93586b2c73,fc07d4550a93586b2c73,八代市,鏡小学校,開設,true,---,,八代市鏡町鏡村609-1,検索,,,,,https://portal.bousai.pref.kumamoto.jp/sp.html?p=evacuation%2Fshelter&l=15-0&ll=32.63819999999999%2C130.77610000000004&z=9&municipalityCd=430005,521deac16295c6e45c5b06f0521e5cb682a2aaf09739d51bbc6e0aacb085e256,"{""ルート検索"": ""検索"", ""住所"": ""八代市鏡町鏡村609-1"", ""市町村"": ""八代市"", ""混雑状況"": ""---"", ""避難所名"": ""鏡小学校"", ""開設状況"": ""開設""}",unmatched,no_candidate,,0,,,,,,,,,,,[],,[],[],reference/43000_1.csv,a04f16cf2e53aec5caadda9c0d925342964483a45870933ec9882c48e957ea60,00000767,360,360,kumamoto_portal_map,2026-08-01T00:28:20+09:00,matched,portal_shelter_id,1.000,32.567757,130.662366,32.56788328,130.66214,matched,manual_shelter_id,マニュアルジオコーディング(1).csv,35f5dae36fe4e9577c53f227bd933e4604ed40e589ee27a700add2b32438424c,32.56788328,130.66214,manual_geocoding,manual_shelter_id,complete
2026-08-30,2026-08-30T03:23:27+09:00,26/08/30 03:23時点の避難所状況の一覧です。,2026-08-30T03:23+09:00,web:6f7d29af2670d591080d,6f7d29af2670d591080d,八代市,麦島小学校,開設,true,---,,八代市迎町1丁目16-1-1,検索,,,,,https://portal.bousai.pref.kumamoto.jp/sp.html?p=evacuation%2Fshelter&l=15-0&ll=32.63819999999999%2C130.77610000000004&z=9&municipalityCd=430005,58e5306ed730962c576d12938fb1ecf599ac2c10c4e56a1b563b28a56afdbf3a,"{""ルート検索"": ""検索"", ""住所"": ""八代市迎町1丁目16-1-1"", ""市町村"": ""八代市"", ""混雑状況"": ""---"", ""避難所名"": ""麦島小学校"", ""開設状況"": ""開設""}",unmatched,no_candidate,,0,,,,,,,,,,,[],,[],[],reference/43000_1.csv,a04f16cf2e53aec5caadda9c0d925342964483a45870933ec9882c48e957ea60,00000712,1500,1500,kumamoto_portal_map,2026-08-01T00:28:20+09:00,matched,portal_shelter_id,1.000,32.498568,130.601357,32.49867148,130.6012836,matched,manual_shelter_id,マニュアルジオコーディング(1).csv,35f5dae36fe4e9577c53f227bd933e4604ed40e589ee27a700add2b32438424c,32.49867148,130.6012836,manual_geocoding,manual_shelter_id,complete
2026-08-30,2026-08-30T03:23:27+09:00,26/08/30 03:23時点の避難所状況の一覧です。,2026-08-30T03:23+09:00,web:22c45e37f06400baa80a,22c45e37f06400baa80a,八代市,龍峯コミュニティセンター,開設,true,---,,八代市興善寺町1952,検索,,,,,https://portal.bousai.pref.kumamoto.jp/sp.html?p=evacuation%2Fshelter&l=15-0&ll=32.63819999999999%2C130.77610000000004&z=9&municipalityCd=430005,88200c9bfbbb0fd233090bebb302e02e9c70f2dccdaa5deae6993ef0d0ac8b01,"{""ルート検索"": ""検索"", ""住所"": ""八代市興善寺町1952"", ""市町村"": ""八代市"", ""混雑状況"": ""---"", ""避難所名"": ""龍峯コミュニティセンター"", ""開設状況"": ""開設""}",unmatched,fuzzy_below_threshold,0.785,0,,,,,,,,,,,[],,[],"[{""NO"": ""1238"", ""その他市町村長が必要と認める事項"": """", ""住所"": ""熊本県八代市泉町栗木5866"", ""備考"": """", ""共通ID"": ""E4320200081111"", ""受入対象者"": """", ""指定緊急避難場所との住所同一"": ""1"", ""施設・場所名"": ""泉コミュニティセンター"", ""経度"": ""130.808105877186"", ""緯度"": ""32.5457986916214""}, {""NO"": ""1258"", ""その他市町村長が必要と認める事項"": """", ""住所"": ""熊本県八代市本野町505"", ""備考"": """", ""共通ID"": ""E4320200118111"", ""受入対象者"": """", ""指定緊急避難場所との住所同一"": ""1"", ""施設・場所名"": ""高田コミュニティセンター"", ""経度"": ""130.6167216"", ""緯度"": ""32.48708486""}, {""NO"": ""1217"", ""その他市町村長が必要と認める事項"": """", ""住所"": ""熊本県八代市古城町2259"", ""備考"": """", ""共通ID"": ""E4320200033111"", ""受入対象者"": """", ""指定緊急避難場所との住所同一"": ""1"", ""施設・場所名"": ""麦島コミュニティセンター"", ""経度"": ""130.5926186"", ""緯度"": ""32.49742503""}]",reference/43000_1.csv,a04f16cf2e53aec5caadda9c0d925342964483a45870933ec9882c48e957ea60,00000685,230,230,kumamoto_portal_map,2026-08-01T00:28:20+09:00,matched,portal_shelter_id,1.000,32.529238,130.663892,32.52927569,130.6638496,matched,manual_shelter_id,マニュアルジオコーディング(1).csv,35f5dae36fe4e9577c53f227bd933e4604ed40e589ee27a700add2b32438424c,32.52927569,130.6638496,manual_geocoding,manual_shelter_id,complete
2026-08-30,2026-08-30T03:23:27+09:00,26/08/30 03:23時点の避難所状況の一覧です。,2026-08-30T03:23+09:00,web:d86e52a30a796c564a94,d86e52a30a796c564a94,宇城市,三角防災拠点センター,開設,true,平常,,熊本県宇城市三角町波多619−1,検索,,,,,https://portal.bousai.pref.kumamoto.jp/sp.html?p=evacuation%2Fshelter&l=15-0&ll=32.63819999999999%2C130.77610000000004&z=9&municipalityCd=430005,1b1a29759368b4428c4e884c120985ff1bdc01f7db088f86c58981811ce2aadb,"{""ルート検索"": ""検索"", ""住所"": ""熊本県宇城市三角町波多619−1"", ""市町村"": ""宇城市"", ""混雑状況"": ""平常"", ""避難所名"": ""三角防災拠点センター"", ""開設状況"": ""開設""}",unmatched,fuzzy_below_threshold,0.883,0,,,,,,,,,,,[],,[],"[{""NO"": ""92"", ""その他市町村長が必要と認める事項"": """", ""住所"": ""熊本県宇城市三角町波多619-1"", ""備考"": """", ""共通ID"": ""E4321300007121"", ""受入対象者"": ""要配慮者"", ""指定緊急避難場所との住所同一"": ""1"", ""施設・場所名"": ""宇城市三角防災拠点センター"", ""経度"": ""130.478615935428"", ""緯度"": ""32.6131670142103""}]",reference/43000_1.csv,a04f16cf2e53aec5caadda9c0d925342964483a45870933ec9882c48e957ea60,00002150,620,620,kumamoto_portal_map,2026-08-01T00:28:20+09:00,matched,portal_shelter_id,1.000,32.612822882807066,130.48142731189728,32.61303913,130.4792208,matched,manual_shelter_id,マニュアルジオコーディング(1).csv,35f5dae36fe4e9577c53f227bd933e4604ed40e589ee27a700add2b32438424c,32.61303913,130.4792208,manual_geocoding,manual_shelter_id,complete
2026-08-30,2026-08-30T03:23:27+09:00,26/08/30 03:23時点の避難所状況の一覧です。,2026-08-30T03:23+09:00,web:73eaa7b5e800fbfeede6,73eaa7b5e800fbfeede6,宇城市,不知火体育館,開設,true,平常,,宇城市不知火町高良2273ー1,検索,,,,,https://portal.bousai.pref.kumamoto.jp/sp.html?p=evacuation%2Fshelter&l=15-0&ll=32.63819999999999%2C130.77610000000004&z=9&municipalityCd=430005,4999519afffc173f9fa8e2258266eab8125dbc35053d0111d2335a63e8131591,"{""ルート検索"": ""検索"", ""住所"": ""宇城市不知火町高良2273ー1"", ""市町村"": ""宇城市"", ""混雑状況"": ""平常"", ""避難所名"": ""不知火体育館"", ""開設状況"": ""開設""}",unmatched,fuzzy_below_threshold,0.785,0,,,,,,,,,,,[],,[],"[{""NO"": ""118"", ""その他市町村長が必要と認める事項"": """", ""住所"": ""熊本県宇城市不知火町高良1952"", ""備考"": """", ""共通ID"": ""E4321300037111"", ""受入対象者"": """", ""指定緊急避難場所との住所同一"": ""1"", ""施設・場所名"": ""不知火小学校体育館"", ""経度"": ""130.662448265905"", ""緯度"": ""32.6449282132326""}]",reference/43000_1.csv,a04f16cf2e53aec5caadda9c0d925342964483a45870933ec9882c48e957ea60,00001138,550,550,kumamoto_portal_map,2026-08-01T00:28:20+09:00,matched,portal_shelter_id,1.000,32.645966,130.66853,,,unmatched,manual_no_match,,,32.645966,130.66853,kumamoto_portal,portal_latitude_longitude,complete
2026-08-30,2026-08-30T03:23:27+09:00,26/08/30 03:23時点の避難所状況の一覧です。,2026-08-30T03:23+09:00,web:c49d287f125a11c54dcd,c49d287f125a11c54dcd,宇城市,不知火防災拠点センター,開設,true,平常,,熊本県宇城市高良2273ー1,検索,,,,,https://portal.bousai.pref.kumamoto.jp/sp.html?p=evacuation%2Fshelter&l=15-0&ll=32.63819999999999%2C130.77610000000004&z=9&municipalityCd=430005,a42bed56d571cd7b33e30d4b747debd27298ef13bee30c7a06ed217ec503f74d,"{""ルート検索"": ""検索"", ""住所"": ""熊本県宇城市高良2273ー1"", ""市町村"": ""宇城市"", ""混雑状況"": ""平常"", ""避難所名"": ""不知火防災拠点センター"", ""開設状況"": ""開設""}",unmatched,fuzzy_below_threshold,0.865,0,,,,,,,,,,,[],,[],"[{""NO"": ""120"", ""その他市町村長が必要と認める事項"": """", ""住所"": ""熊本県宇城市不知火町高良2273-1"", ""備考"": """", ""共通ID"": ""E4321300039121"", ""受入対象者"": ""要配慮者"", ""指定緊急避難場所との住所同一"": ""1"", ""施設・場所名"": ""宇城市不知火防災拠点センター"", ""経度"": ""130.668192"", ""緯度"": ""32.646306""}]",reference/43000_1.csv,a04f16cf2e53aec5caadda9c0d925342964483a45870933ec9882c48e957ea60,00002151,480,480,kumamoto_portal_map,2026-08-01T00:28:20+09:00,matched,portal_shelter_id,1.000,32.64628604433004,130.66802859306335,32.64595343,130.6685315,matched,manual_shelter_id,マニュアルジオコーディング(1).csv,35f5dae36fe4e9577c53f227bd933e4604ed40e589ee27a700add2b32438424c,32.64595343,130.6685315,manual_geocoding,manual_shelter_id,complete
2026-08-30,2026-08-30T03:23:27+09:00,26/08/30 03:23時点の避難所状況の一覧です。,2026-08-30T03:23+09:00,web:19f5564d5d7694ba6443,19f5564d5d7694ba6443,宇城市,小川中学校体育館,開設,true,平常,,宇城市小川町南部田287ー2,検索,,,,,https://portal.bousai.pref.kumamoto.jp/sp.html?p=evacuation%2Fshelter&l=15-0&ll=32.63819999999999%2C130.77610000000004&z=9&municipalityCd=430005,cd7f9779e4e57ccc24a0ec7efa41f195d1986b9fbe2af4dab338171611febabe,"{""ルート検索"": ""検索"", ""住所"": ""宇城市小川町南部田287ー2"", ""市町村"": ""宇城市"", ""混雑状況"": ""平常"", ""避難所名"": ""小川中学校体育館"", ""開設状況"": ""開設""}",unmatched,fuzzy_below_threshold,0.836,0,,,,,,,,,,,[],,[],"[{""NO"": ""101"", ""その他市町村長が必要と認める事項"": """", ""住所"": ""熊本県宇城市小川町南部田287-2"", ""備考"": """", ""共通ID"": ""E4321300018111"", ""受入対象者"": """", ""指定緊急避難場所との住所同一"": ""1"", ""施設・場所名"": ""宇城市立小川中学校体育館"", ""経度"": ""130.714835531571"", ""緯度"": ""32.5902022810048""}]",reference/43000_1.csv,a04f16cf2e53aec5caadda9c0d925342964483a45870933ec9882c48e957ea60,00001162,620,620,kumamoto_portal_map,2026-08-01T00:28:20+09:00,matched,portal_shelter_id,1.000,32.590645,130.713716,,,unmatched,manual_no_match,,,32.590645,130.713716,kumamoto_portal,portal_latitude_longitude,complete
2026-08-30,2026-08-30T03:23:27+09:00,26/08/30 03:23時点の避難所状況の一覧です。,2026-08-30T03:23+09:00,web:5c8aee7f9d598d2ba1cb,5c8aee7f9d598d2ba1cb,宇城市,小川防災拠点センター,開設,true,平常,,熊本県宇城市小川町江頭100番地,検索,,,,,https://portal.bousai.pref.kumamoto.jp/sp.html?p=evacuation%2Fshelter&l=15-0&ll=32.63819999999999%2C130.77610000000004&z=9&municipalityCd=430005,0f555292e55ad411e488205a220148cb788daef47fbc28d0f3a6cef63cd9c09b,"{""ルート検索"": ""検索"", ""住所"": ""熊本県宇城市小川町江頭100番地"", ""市町村"": ""宇城市"", ""混雑状況"": ""平常"", ""避難所名"": ""小川防災拠点センター"", ""開設状況"": ""開設""}",unmatched,fuzzy_below_threshold,0.883,0,,,,,,,,,,,[],,[],"[{""NO"": ""93"", ""その他市町村長が必要と認める事項"": """", ""住所"": ""熊本県宇城市小川町江頭100"", ""備考"": """", ""共通ID"": ""E4321300010111"", ""受入対象者"": """", ""指定緊急避難場所との住所同一"": ""1"", ""施設・場所名"": ""宇城市小川防災拠点センター"", ""経度"": ""130.704185991741"", ""緯度"": ""32.5925380992227""}]",reference/43000_1.csv,a04f16cf2e53aec5caadda9c0d925342964483a45870933ec9882c48e957ea60,00002194,752,752,kumamoto_portal_map,2026-08-01T00:28:20+09:00,matched,portal_shelter_id,1.000,32.59117304361442,130.70501291133146,32.59286338,130.7033051,matched,manual_shelter_id,マニュアルジオコーディング(1).csv,35f5dae36fe4e9577c53f227bd933e4604ed40e589ee27a700add2b32438424c,32.59286338,130.7033051,manual_geocoding,manual_shelter_id,complete
2026-08-30,2026-08-30T03:23:27+09:00,26/08/30 03:23時点の避難所状況の一覧です。,2026-08-30T03:23+09:00,web:ba087cedee03e98df6c9,ba087cedee03e98df6c9,宇城市,小野部田小学校体育館,開設,true,平常,,宇城市小川町南小野1402,検索,,,,,https://portal.bousai.pref.kumamoto.jp/sp.html?p=evacuation%2Fshelter&l=15-0&ll=32.63819999999999%2C130.77610000000004&z=9&municipalityCd=430005,0fe676fa9eb9b3d1da9b097c28315a73f5eb5bc92865f4f579f8e1586dd3899b,"{""ルート検索"": ""検索"", ""住所"": ""宇城市小川町南小野1402"", ""市町村"": ""宇城市"", ""混雑状況"": ""平常"", ""避難所名"": ""小野部田小学校体育館"", ""開設状況"": ""開設""}",unmatched,fuzzy_below_threshold,0.863,0,,,,,,,,,,,[],,[],"[{""NO"": ""99"", ""その他市町村長が必要と認める事項"": """", ""住所"": ""熊本県宇城市小川町南小野1402"", ""備考"": """", ""共通ID"": ""E4321300016111"", ""受入対象者"": """", ""指定緊急避難場所との住所同一"": ""1"", ""施設・場所名"": ""宇城市立小野部田小学校体育館"", ""経度"": ""130.718762612847"", ""緯度"": ""32.6072179634021""}]",reference/43000_1.csv,a04f16cf2e53aec5caadda9c0d925342964483a45870933ec9882c48e957ea60,00001161,480,480,kumamoto_portal_map,2026-08-01T00:28:20+09:00,matched,portal_shelter_id,1.000,32.606915,130.718937,32.6069935,130.7189544,matched,manual_shelter_id,マニュアルジオコーディング(1).csv,35f5dae36fe4e9577c53f227bd933e4604ed40e589ee27a700add2b32438424c,32.6069935,130.7189544,manual_geocoding,manual_shelter_id,complete
2026-08-30,2026-08-30T03:23:27+09:00,26/08/30 03:23時点の避難所状況の一覧です。,2026-08-30T03:23+09:00,web:b40327fcf4cb85a88b87,b40327fcf4cb85a88b87,宇城市,旧豊野小学校体育館,開設,true,平常,,熊本県宇城市豊野町糸石2998,検索,,,,,https://portal.bousai.pref.kumamoto.jp/sp.html?p=evacuation%2Fshelter&l=15-0&ll=32.63819999999999%2C130.77610000000004&z=9&municipalityCd=430005,0900dae640771ab0f44a2d0d3b7090889ef7d5f8797c634e4b0300ba9683abee,"{""ルート検索"": ""検索"", ""住所"": ""熊本県宇城市豊野町糸石2998"", ""市町村"": ""宇城市"", ""混雑状況"": ""平常"", ""避難所名"": ""旧豊野小学校体育館"", ""開設状況"": ""開設""}",unmatched,no_candidate,,0,,,,,,,,,,,[],,[],[],reference/43000_1.csv,a04f16cf2e53aec5caadda9c0d925342964483a45870933ec9882c48e957ea60,00002363,334,334,kumamoto_portal_map,2026-08-31T09:35:11+09:00,matched,portal_shelter_id,1.000,32.63585132615984,130.7519531247817,,,unmatched,manual_no_match,,,32.63585132615984,130.7519531247817,kumamoto_portal,portal_latitude_longitude,complete
2026-08-30,2026-08-30T03:23:27+09:00,26/08/30 03:23時点の避難所状況の一覧です。,2026-08-30T03:23+09:00,web:87a410b68cfb404f6035,87a410b68cfb404f6035,宇城市,松橋東防災拠点センター,開設,true,平常,,熊本県宇城市豊福1786番地,検索,,,,,https://portal.bousai.pref.kumamoto.jp/sp.html?p=evacuation%2Fshelter&l=15-0&ll=32.63819999999999%2C130.77610000000004&z=9&municipalityCd=430005,a627aaf3d5c73db8ec77095546e03e106013114c0efd58c1369b142c99a1f7de,"{""ルート検索"": ""検索"", ""住所"": ""熊本県宇城市豊福1786番地"", ""市町村"": ""宇城市"", ""混雑状況"": ""平常"", ""避難所名"": ""松橋東防災拠点センター"", ""開設状況"": ""開設""}",unmatched,fuzzy_below_threshold,0.867,0,,,,,,,,,,,[],,[],"[{""NO"": ""115"", ""その他市町村長が必要と認める事項"": """", ""住所"": ""熊本県宇城市松橋町豊福1786"", ""備考"": """", ""共通ID"": ""E4321300035121"", ""受入対象者"": ""要配慮者"", ""指定緊急避難場所との住所同一"": ""1"", ""施設・場所名"": ""宇城市松橋東防災拠点センター"", ""経度"": ""130.702563105949"", ""緯度"": ""32.6429174540355""}]",reference/43000_1.csv,a04f16cf2e53aec5caadda9c0d925342964483a45870933ec9882c48e957ea60,00002192,511,511,kumamoto_portal_map,2026-08-01T00:28:20+09:00,matched,portal_shelter_id,1.000,32.64785704367983,130.68436411272134,32.64293327,130.7028836,matched,manual_shelter_id,マニュアルジオコーディング(1).csv,35f5dae36fe4e9577c53f227bd933e4604ed40e589ee27a700add2b32438424c,32.64293327,130.7028836,manual_geocoding,manual_shelter_id,complete
2026-08-30,2026-08-30T03:23:27+09:00,26/08/30 03:23時点の避難所状況の一覧です。,2026-08-30T03:23+09:00,web:38cdaae343f39d2a3d4e,38cdaae343f39d2a3d4e,宇城市,松橋西防災拠点センター,開設,true,平常,,熊本県宇城市松橋町松橋564番地,検索,,,,,https://portal.bousai.pref.kumamoto.jp/sp.html?p=evacuation%2Fshelter&l=15-0&ll=32.63819999999999%2C130.77610000000004&z=9&municipalityCd=430005,87d8461e8dec0163ede4077a5d071188a4a507fbae375d22d07a13cb1cf22cab,"{""ルート検索"": ""検索"", ""住所"": ""熊本県宇城市松橋町松橋564番地"", ""市町村"": ""宇城市"", ""混雑状況"": ""平常"", ""避難所名"": ""松橋西防災拠点センター"", ""開設状況"": ""開設""}",unmatched,fuzzy_below_threshold,0.878,0,,,,,,,,,,,[],,[],"[{""NO"": ""109"", ""その他市町村長が必要と認める事項"": """", ""住所"": ""熊本県宇城市松橋町松橋564-2"", ""備考"": """", ""共通ID"": ""E4321300028121"", ""受入対象者"": ""要配慮者"", ""指定緊急避難場所との住所同一"": ""1"", ""施設・場所名"": ""宇城市松橋西防災拠点センター"", ""経度"": ""130.678948359643"", ""緯度"": ""32.6514957274895""}]",reference/43000_1.csv,a04f16cf2e53aec5caadda9c0d925342964483a45870933ec9882c48e957ea60,00002193,419,419,kumamoto_portal_map,2026-08-01T00:28:20+09:00,matched,portal_shelter_id,1.000,32.652025512723746,130.67878183007937,32.65165088,130.6784273,matched,manual_shelter_id,マニュアルジオコーディング(1).csv,35f5dae36fe4e9577c53f227bd933e4604ed40e589ee27a700add2b32438424c,32.65165088,130.6784273,manual_geocoding,manual_shelter_id,complete
2026-08-30,2026-08-30T03:23:27+09:00,26/08/30 03:23時点の避難所状況の一覧です。,2026-08-30T03:23+09:00,web:1a33df0f5bb6c7324ed0,1a33df0f5bb6c7324ed0,氷川町,氷川町公民館・宮原公民館,開設,true,平常,,氷川町宮原690-2,検索,,,,,https://portal.bousai.pref.kumamoto.jp/sp.html?p=evacuation%2Fshelter&l=15-0&ll=32.63819999999999%2C130.77610000000004&z=9&municipalityCd=430005,ef2f85eb444d45ed2e7855ef3c248ba2605a3e8e8c1551ceb22b4136867b19e0,"{""ルート検索"": ""検索"", ""住所"": ""氷川町宮原690-2"", ""市町村"": ""氷川町"", ""混雑状況"": ""平常"", ""避難所名"": ""氷川町公民館・宮原公民館"", ""開設状況"": ""開設""}",unmatched,fuzzy_below_threshold,0.851,0,,,,,,,,,,,[],,[],"[{""NO"": ""1271"", ""その他市町村長が必要と認める事項"": """", ""住所"": ""熊本県氷川町宮原690-2"", ""備考"": """", ""共通ID"": ""E4346800001111"", ""受入対象者"": """", ""指定緊急避難場所との住所同一"": ""1"", ""施設・場所名"": ""氷川町公民館・宮原体育館"", ""経度"": ""130.67945191464"", ""緯度"": ""32.553973666736""}]",reference/43000_1.csv,a04f16cf2e53aec5caadda9c0d925342964483a45870933ec9882c48e957ea60,00001859,509,509,kumamoto_portal_map,2026-08-01T00:28:20+09:00,matched,portal_shelter_id,1.000,32.554026,130.679363,32.55401302,130.6793474,matched,manual_shelter_id,マニュアルジオコーディング(1).csv,35f5dae36fe4e9577c53f227bd933e4604ed40e589ee27a700add2b32438424c,32.55401302,130.6793474,manual_geocoding,manual_shelter_id,complete
2026-08-30,2026-08-30T03:23:27+09:00,26/08/30 03:23時点の避難所状況の一覧です。,2026-08-30T03:23+09:00,web:fca9bef15fe293a50d8c,fca9bef15fe293a50d8c,甲佐町,甲佐町農業研修センター(ろくじ館),開設,true,平常,,熊本県上益城郡甲佐町豊内719-2,検索,,,,,https://portal.bousai.pref.kumamoto.jp/sp.html?p=evacuation%2Fshelter&l=15-0&ll=32.63819999999999%2C130.77610000000004&z=9&municipalityCd=430005,b906d7733c02fd9ff2aa277e49043436bb1e2d242aada1c1daf96551ff9530aa,"{""ルート検索"": ""検索"", ""住所"": ""熊本県上益城郡甲佐町豊内719-2"", ""市町村"": ""甲佐町"", ""混雑状況"": ""平常"", ""避難所名"": ""甲佐町農業研修センター(ろくじ館)"", ""開設状況"": ""開設""}",unmatched,no_candidate,,0,,,,,,,,,,,[],,[],[],reference/43000_1.csv,a04f16cf2e53aec5caadda9c0d925342964483a45870933ec9882c48e957ea60,00002335,50,50,kumamoto_portal_map,2026-08-01T00:28:20+09:00,matched,portal_shelter_id,1.000,32.65073059352114,130.8116501569748,32.65062307,130.8113328,matched,manual_shelter_id,マニュアルジオコーディング(1).csv,35f5dae36fe4e9577c53f227bd933e4604ed40e589ee27a700add2b32438424c,32.65062307,130.8113328,manual_geocoding,manual_shelter_id,complete
2026-08-30,2026-08-30T03:23:27+09:00,26/08/30 03:23時点の避難所状況の一覧です。,2026-08-30T03:23+09:00,web:67470bf53cd86bb5ad79,67470bf53cd86bb5ad79,益城町,益城町地域共生センターカタル,開設,true,平常,,益城町木山592,検索,,,,,https://portal.bousai.pref.kumamoto.jp/sp.html?p=evacuation%2Fshelter&l=15-0&ll=32.63819999999999%2C130.77610000000004&z=9&municipalityCd=430005,dbcb46ae5c28e1dcca85ca774adb4d15fe868bf9966e9a52da4dfd7fe5c3bd5d,"{""ルート検索"": ""検索"", ""住所"": ""益城町木山592"", ""市町村"": ""益城町"", ""混雑状況"": ""平常"", ""避難所名"": ""益城町地域共生センターカタル"", ""開設状況"": ""開設""}",unmatched,fuzzy_below_threshold,0.893,0,,,,,,,,,,,[],,[],"[{""NO"": ""206"", ""その他市町村長が必要と認める事項"": """", ""住所"": ""熊本県益城町木山592"", ""備考"": """", ""共通ID"": ""E4344300077111"", ""受入対象者"": """", ""指定緊急避難場所との住所同一"": ""1"", ""施設・場所名"": ""益城町地域共生センター"", ""経度"": ""130.817733"", ""緯度"": ""32.799507""}]",reference/43000_1.csv,a04f16cf2e53aec5caadda9c0d925342964483a45870933ec9882c48e957ea60,00002329,300,300,kumamoto_portal_map,2026-08-01T00:28:20+09:00,matched,portal_shelter_id,1.000,32.8001832836204,130.817423509106,,,unmatched,manual_no_match,,,32.8001832836204,130.817423509106,kumamoto_portal,portal_latitude_longitude,complete
