snapshot_date_jst,retrieved_at_jst,source_updated_at_text,source_updated_at_jst,shelter_id,web_shelter_id,municipality,shelter_name,opening_status,is_open,congestion_status,evacuee_count,address,route_search,change_type,previous_opening_status,previous_congestion_status,previous_evacuee_count,source_url,record_hash,raw_row_json,reference_match_status,reference_match_method,reference_match_score,reference_match_count,reference_no,reference_common_id,reference_common_ids,reference_facility_name,reference_address,reference_same_address_as_emergency_site,reference_other_mayor_matters,reference_accepted_persons,reference_latitude,reference_longitude,reference_all_coordinates_json,reference_notes,reference_rows_json,reference_candidates_json,reference_source_file,reference_source_sha256
2026-07-30,2026-07-30T00:11:18+09:00,26/07/30 00:11時点の避難所状況の一覧です。,2026-07-30T00:11+09:00,ref:E4310000060111,edb5e16f06702ebed196,熊本市,サンライフ熊本,開設,true,不明,,熊本県熊本市中央区黒髪3丁目3-12,検索,unchanged,開設,不明,,https://portal.bousai.pref.kumamoto.jp/sp.html?p=evacuation%2Fshelter&l=14-0&ll=32.63819999999999%2C130.77610000000004&z=9&municipalityCd=430005,d8d4aa19ec904e20d071469f52bb037a337d867feb9e5da762150e023e106555,"{""ルート検索"": ""検索"", ""住所"": ""熊本県熊本市中央区黒髪3丁目3-12"", ""市町村"": ""熊本市"", ""混雑状況"": ""不明"", ""避難所名"": ""サンライフ熊本"", ""開設状況"": ""開設""}",matched,exact_name_municipality,0.990,1,420,E4310000060111,E4310000060111,サンライフ熊本,熊本県熊本市中央区黒髪3-3-12,1,,,32.81983876,130.720156,"[{""共通ID"": ""E4310000060111"", ""経度"": ""130.720156"", ""緯度"": ""32.81983876""}]",,"[{""NO"": ""420"", ""その他市町村長が必要と認める事項"": """", ""住所"": ""熊本県熊本市中央区黒髪3-3-12"", ""備考"": """", ""共通ID"": ""E4310000060111"", ""受入対象者"": """", ""指定緊急避難場所との住所同一"": ""1"", ""施設・場所名"": ""サンライフ熊本"", ""経度"": ""130.720156"", ""緯度"": ""32.81983876""}]",[],reference/43000_1.csv,dd6686fa000c3e720180ba96d02aacff987aec1bba3c9bc69a5867fc0089d10d
2026-07-30,2026-07-30T00:11:18+09:00,26/07/30 00:11時点の避難所状況の一覧です。,2026-07-30T00:11+09:00,ref:E4310000074111,0c5d626e415e6c750c27,熊本市,一新小学校,開設,true,不明,,熊本県熊本市中央区新町3丁目10-45,検索,unchanged,開設,不明,,https://portal.bousai.pref.kumamoto.jp/sp.html?p=evacuation%2Fshelter&l=14-0&ll=32.63819999999999%2C130.77610000000004&z=9&municipalityCd=430005,11e70ceaeb6e3886118cd3be3ae413b40d2a687351af9d637b123d22e292c02b,"{""ルート検索"": ""検索"", ""住所"": ""熊本県熊本市中央区新町3丁目10-45"", ""市町村"": ""熊本市"", ""混雑状況"": ""不明"", ""避難所名"": ""一新小学校"", ""開設状況"": ""開設""}",matched,exact_name_municipality,0.990,1,432,E4310000074111,E4310000074111,一新小学校,熊本県熊本市中央区新町3-10-45,1,,,32.80239,130.69506,"[{""共通ID"": ""E4310000074111"", ""経度"": ""130.69506"", ""緯度"": ""32.80239""}]",,"[{""NO"": ""432"", ""その他市町村長が必要と認める事項"": """", ""住所"": ""熊本県熊本市中央区新町3-10-45"", ""備考"": """", ""共通ID"": ""E4310000074111"", ""受入対象者"": """", ""指定緊急避難場所との住所同一"": ""1"", ""施設・場所名"": ""一新小学校"", ""経度"": ""130.69506"", ""緯度"": ""32.80239""}]",[],reference/43000_1.csv,dd6686fa000c3e720180ba96d02aacff987aec1bba3c9bc69a5867fc0089d10d
2026-07-30,2026-07-30T00:11:18+09:00,26/07/30 00:11時点の避難所状況の一覧です。,2026-07-30T00:11+09:00,ref:E4310000084111,57efcfda87a23161dde4,熊本市,中央公民館,開設,true,不明,,熊本県熊本市中央区草葉町5-1,検索,unchanged,開設,不明,,https://portal.bousai.pref.kumamoto.jp/sp.html?p=evacuation%2Fshelter&l=14-0&ll=32.63819999999999%2C130.77610000000004&z=9&municipalityCd=430005,0963600642d55e22fce568aec8817ed3a5d24b490e7081408d35d866cfc81779,"{""ルート検索"": ""検索"", ""住所"": ""熊本県熊本市中央区草葉町5-1"", ""市町村"": ""熊本市"", ""混雑状況"": ""不明"", ""避難所名"": ""中央公民館"", ""開設状況"": ""開設""}",matched,exact_name_address,1.000,1,438,E4310000084111,E4310000084111,中央公民館,熊本県熊本市中央区草葉町5-1,1,,,32.804732,130.715552,"[{""共通ID"": ""E4310000084111"", ""経度"": ""130.715552"", ""緯度"": ""32.804732""}]",,"[{""NO"": ""438"", ""その他市町村長が必要と認める事項"": """", ""住所"": ""熊本県熊本市中央区草葉町5-1"", ""備考"": """", ""共通ID"": ""E4310000084111"", ""受入対象者"": """", ""指定緊急避難場所との住所同一"": ""1"", ""施設・場所名"": ""中央公民館"", ""経度"": ""130.715552"", ""緯度"": ""32.804732""}]",[],reference/43000_1.csv,dd6686fa000c3e720180ba96d02aacff987aec1bba3c9bc69a5867fc0089d10d
2026-07-30,2026-07-30T00:11:18+09:00,26/07/30 00:11時点の避難所状況の一覧です。,2026-07-30T00:11+09:00,web:92ac15ea64f21af2c9fa,92ac15ea64f21af2c9fa,熊本市,九州動物学院【ペット避難場所】,開設,true,不明,,熊本県熊本市中央区本荘6丁目16-34,検索,unchanged,開設,不明,,https://portal.bousai.pref.kumamoto.jp/sp.html?p=evacuation%2Fshelter&l=14-0&ll=32.63819999999999%2C130.77610000000004&z=9&municipalityCd=430005,54d30bbe8300f1d7f206dd611b812d3e4db7f13b63640163e98cdbe88e5e0223,"{""ルート検索"": ""検索"", ""住所"": ""熊本県熊本市中央区本荘6丁目16-34"", ""市町村"": ""熊本市"", ""混雑状況"": ""不明"", ""避難所名"": ""九州動物学院【ペット避難場所】"", ""開設状況"": ""開設""}",unmatched,no_candidate,,0,,,,,,,,,,,[],,[],[],reference/43000_1.csv,dd6686fa000c3e720180ba96d02aacff987aec1bba3c9bc69a5867fc0089d10d
2026-07-30,2026-07-30T00:11:18+09:00,26/07/30 00:11時点の避難所状況の一覧です。,2026-07-30T00:11+09:00,ref:E4310000062111,7f721d66e572e96b8180,熊本市,五福交流室・公民館,開設,true,不明,,熊本県熊本市中央区細工町2丁目25,検索,unchanged,開設,不明,,https://portal.bousai.pref.kumamoto.jp/sp.html?p=evacuation%2Fshelter&l=14-0&ll=32.63819999999999%2C130.77610000000004&z=9&municipalityCd=430005,fa48de5d9ef19a9b1ff2f68d1f9f040da6a27789a10b180869011a3d889ff171,"{""ルート検索"": ""検索"", ""住所"": ""熊本県熊本市中央区細工町2丁目25"", ""市町村"": ""熊本市"", ""混雑状況"": ""不明"", ""避難所名"": ""五福交流室・公民館"", ""開設状況"": ""開設""}",matched,exact_name_municipality,0.990,1,423,E4310000062111,E4310000062111,五福交流室・公民館,熊本県熊本市中央区細工町2-25,1,,,32.79594238,130.6956943,"[{""共通ID"": ""E4310000062111"", ""経度"": ""130.6956943"", ""緯度"": ""32.79594238""}]",,"[{""NO"": ""423"", ""その他市町村長が必要と認める事項"": """", ""住所"": ""熊本県熊本市中央区細工町2-25"", ""備考"": """", ""共通ID"": ""E4310000062111"", ""受入対象者"": """", ""指定緊急避難場所との住所同一"": ""1"", ""施設・場所名"": ""五福交流室・公民館"", ""経度"": ""130.6956943"", ""緯度"": ""32.79594238""}]",[],reference/43000_1.csv,dd6686fa000c3e720180ba96d02aacff987aec1bba3c9bc69a5867fc0089d10d
2026-07-30,2026-07-30T00:11:18+09:00,26/07/30 00:11時点の避難所状況の一覧です。,2026-07-30T00:11+09:00,ref:E4310000062112,b403da9204688ff4be18,熊本市,五福小学校,開設,true,不明,,熊本県熊本市中央区細工町2丁目25,検索,unchanged,開設,不明,,https://portal.bousai.pref.kumamoto.jp/sp.html?p=evacuation%2Fshelter&l=14-0&ll=32.63819999999999%2C130.77610000000004&z=9&municipalityCd=430005,14b60fad2db7a86b53dc2e21051da2dafa2eea4a404465c17d9347982858f267,"{""ルート検索"": ""検索"", ""住所"": ""熊本県熊本市中央区細工町2丁目25"", ""市町村"": ""熊本市"", ""混雑状況"": ""不明"", ""避難所名"": ""五福小学校"", ""開設状況"": ""開設""}",matched,exact_name_municipality,0.990,1,424,E4310000062112,E4310000062112,五福小学校,熊本県熊本市中央区細工町2-25,1,,,32.795878,130.695933,"[{""共通ID"": ""E4310000062112"", ""経度"": ""130.695933"", ""緯度"": ""32.795878""}]",,"[{""NO"": ""424"", ""その他市町村長が必要と認める事項"": """", ""住所"": ""熊本県熊本市中央区細工町2-25"", ""備考"": """", ""共通ID"": ""E4310000062112"", ""受入対象者"": """", ""指定緊急避難場所との住所同一"": ""1"", ""施設・場所名"": ""五福小学校"", ""経度"": ""130.695933"", ""緯度"": ""32.795878""}]",[],reference/43000_1.csv,dd6686fa000c3e720180ba96d02aacff987aec1bba3c9bc69a5867fc0089d10d
2026-07-30,2026-07-30T00:11:18+09:00,26/07/30 00:11時点の避難所状況の一覧です。,2026-07-30T00:11+09:00,ref:E4310000048111,2d265c3ca22bd164d0f0,熊本市,京陵中学校,開設,true,不明,,熊本県熊本市中央区京町本丁1-14,検索,unchanged,開設,不明,,https://portal.bousai.pref.kumamoto.jp/sp.html?p=evacuation%2Fshelter&l=14-0&ll=32.63819999999999%2C130.77610000000004&z=9&municipalityCd=430005,7e989aea0adf2a677babd01a44d5bf378f12bae755a7fcab3db18554553f2164,"{""ルート検索"": ""検索"", ""住所"": ""熊本県熊本市中央区京町本丁1-14"", ""市町村"": ""熊本市"", ""混雑状況"": ""不明"", ""避難所名"": ""京陵中学校"", ""開設状況"": ""開設""}",matched,exact_name_address,1.000,1,416,E4310000048111,E4310000048111,京陵中学校,熊本県熊本市中央区京町本丁1-14,1,,,32.81728,130.704112,"[{""共通ID"": ""E4310000048111"", ""経度"": ""130.704112"", ""緯度"": ""32.81728""}]",,"[{""NO"": ""416"", ""その他市町村長が必要と認める事項"": """", ""住所"": ""熊本県熊本市中央区京町本丁1-14"", ""備考"": """", ""共通ID"": ""E4310000048111"", ""受入対象者"": """", ""指定緊急避難場所との住所同一"": ""1"", ""施設・場所名"": ""京陵中学校"", ""経度"": ""130.704112"", ""緯度"": ""32.81728""}]",[],reference/43000_1.csv,dd6686fa000c3e720180ba96d02aacff987aec1bba3c9bc69a5867fc0089d10d
2026-07-30,2026-07-30T00:11:18+09:00,26/07/30 00:11時点の避難所状況の一覧です。,2026-07-30T00:11+09:00,ref:E4310000126111,1832272951f33709a014,熊本市,健軍小学校,開設,true,不明,,熊本県熊本市東区健軍2丁目25-56,検索,unchanged,開設,不明,,https://portal.bousai.pref.kumamoto.jp/sp.html?p=evacuation%2Fshelter&l=14-0&ll=32.63819999999999%2C130.77610000000004&z=9&municipalityCd=430005,9d3fd46eaf85c99814c556b0c1df14423db7bdd17b3ebee32cb2db941e6b0ac3,"{""ルート検索"": ""検索"", ""住所"": ""熊本県熊本市東区健軍2丁目25-56"", ""市町村"": ""熊本市"", ""混雑状況"": ""不明"", ""避難所名"": ""健軍小学校"", ""開設状況"": ""開設""}",matched,exact_name_municipality,0.990,1,460,E4310000126111,E4310000126111,健軍小学校,熊本県熊本市東区健軍2-25-56,1,,,32.784179,130.752403,"[{""共通ID"": ""E4310000126111"", ""経度"": ""130.752403"", ""緯度"": ""32.784179""}]",,"[{""NO"": ""460"", ""その他市町村長が必要と認める事項"": """", ""住所"": ""熊本県熊本市東区健軍2-25-56"", ""備考"": """", ""共通ID"": ""E4310000126111"", ""受入対象者"": """", ""指定緊急避難場所との住所同一"": ""1"", ""施設・場所名"": ""健軍小学校"", ""経度"": ""130.752403"", ""緯度"": ""32.784179""}]",[],reference/43000_1.csv,dd6686fa000c3e720180ba96d02aacff987aec1bba3c9bc69a5867fc0089d10d
2026-07-30,2026-07-30T00:11:18+09:00,26/07/30 00:11時点の避難所状況の一覧です。,2026-07-30T00:11+09:00,ref:E4310000163111,584d9ce1329cdcd890da,熊本市,健軍東小学校,開設,true,不明,,熊本県熊本市東区東町4丁目15-2,検索,unchanged,開設,不明,,https://portal.bousai.pref.kumamoto.jp/sp.html?p=evacuation%2Fshelter&l=14-0&ll=32.63819999999999%2C130.77610000000004&z=9&municipalityCd=430005,43fb36b6fb85160cb4f9c64cf17d0def72ba9883d3abba7d7e84fbb13ce54a6b,"{""ルート検索"": ""検索"", ""住所"": ""熊本県熊本市東区東町4丁目15-2"", ""市町村"": ""熊本市"", ""混雑状況"": ""不明"", ""避難所名"": ""健軍東小学校"", ""開設状況"": ""開設""}",matched,exact_name_municipality,0.990,1,487,E4310000163111,E4310000163111,健軍東小学校,熊本県熊本市東区東町4-15-2,1,,,32.783268,130.764276,"[{""共通ID"": ""E4310000163111"", ""経度"": ""130.764276"", ""緯度"": ""32.783268""}]",,"[{""NO"": ""487"", ""その他市町村長が必要と認める事項"": """", ""住所"": ""熊本県熊本市東区東町4-15-2"", ""備考"": """", ""共通ID"": ""E4310000163111"", ""受入対象者"": """", ""指定緊急避難場所との住所同一"": ""1"", ""施設・場所名"": ""健軍東小学校"", ""経度"": ""130.764276"", ""緯度"": ""32.783268""}]",[],reference/43000_1.csv,dd6686fa000c3e720180ba96d02aacff987aec1bba3c9bc69a5867fc0089d10d
2026-07-30,2026-07-30T00:11:18+09:00,26/07/30 00:11時点の避難所状況の一覧です。,2026-07-30T00:11+09:00,ref:E4310000069111,35f3e5cd56001d33b240,熊本市,出水中学校,開設,true,不明,,熊本県熊本市中央区出水5丁目3-1,検索,unchanged,開設,不明,,https://portal.bousai.pref.kumamoto.jp/sp.html?p=evacuation%2Fshelter&l=14-0&ll=32.63819999999999%2C130.77610000000004&z=9&municipalityCd=430005,3bffb109eb06b63eccc15753cca4632327952ced82e036c6e17a1da27be7f609,"{""ルート検索"": ""検索"", ""住所"": ""熊本県熊本市中央区出水5丁目3-1"", ""市町村"": ""熊本市"", ""混雑状況"": ""不明"", ""避難所名"": ""出水中学校"", ""開設状況"": ""開設""}",matched,exact_name_municipality,0.990,1,429,E4310000069111,E4310000069111,出水中学校,熊本県熊本市中央区出水5-3-1,1,,,32.784081,130.726848,"[{""共通ID"": ""E4310000069111"", ""経度"": ""130.726848"", ""緯度"": ""32.784081""}]",,"[{""NO"": ""429"", ""その他市町村長が必要と認める事項"": """", ""住所"": ""熊本県熊本市中央区出水5-3-1"", ""備考"": """", ""共通ID"": ""E4310000069111"", ""受入対象者"": """", ""指定緊急避難場所との住所同一"": ""1"", ""施設・場所名"": ""出水中学校"", ""経度"": ""130.726848"", ""緯度"": ""32.784081""}]",[],reference/43000_1.csv,dd6686fa000c3e720180ba96d02aacff987aec1bba3c9bc69a5867fc0089d10d
2026-07-30,2026-07-30T00:11:18+09:00,26/07/30 00:11時点の避難所状況の一覧です。,2026-07-30T00:11+09:00,ref:E4310000070111,4759c34e4e98f480081b,熊本市,出水南中学校,開設,true,不明,,熊本県熊本市中央区出水7丁目86-1,検索,unchanged,開設,不明,,https://portal.bousai.pref.kumamoto.jp/sp.html?p=evacuation%2Fshelter&l=14-0&ll=32.63819999999999%2C130.77610000000004&z=9&municipalityCd=430005,232421c3ce523dfd1029063c1e64d4b0a9db8b9ded9e4a83d7060c8125960637,"{""ルート検索"": ""検索"", ""住所"": ""熊本県熊本市中央区出水7丁目86-1"", ""市町村"": ""熊本市"", ""混雑状況"": ""不明"", ""避難所名"": ""出水南中学校"", ""開設状況"": ""開設""}",matched,exact_name_municipality,0.990,1,430,E4310000070111,E4310000070111,出水南中学校,熊本県熊本市中央区出水7-86-1,1,,,32.775036,130.728094,"[{""共通ID"": ""E4310000070111"", ""経度"": ""130.728094"", ""緯度"": ""32.775036""}]",,"[{""NO"": ""430"", ""その他市町村長が必要と認める事項"": """", ""住所"": ""熊本県熊本市中央区出水7-86-1"", ""備考"": """", ""共通ID"": ""E4310000070111"", ""受入対象者"": """", ""指定緊急避難場所との住所同一"": ""1"", ""施設・場所名"": ""出水南中学校"", ""経度"": ""130.728094"", ""緯度"": ""32.775036""}]",[],reference/43000_1.csv,dd6686fa000c3e720180ba96d02aacff987aec1bba3c9bc69a5867fc0089d10d
2026-07-30,2026-07-30T00:11:18+09:00,26/07/30 00:11時点の避難所状況の一覧です。,2026-07-30T00:11+09:00,ref:E4310000067111,478649fc84038dfbc558,熊本市,出水南小学校,開設,true,不明,,熊本県熊本市中央区出水4丁目1-1,検索,unchanged,開設,不明,,https://portal.bousai.pref.kumamoto.jp/sp.html?p=evacuation%2Fshelter&l=14-0&ll=32.63819999999999%2C130.77610000000004&z=9&municipalityCd=430005,7778ea9107baec5e38cf9f314b6e536ec96233ca218ad46bd0b82c5aa769c4cf,"{""ルート検索"": ""検索"", ""住所"": ""熊本県熊本市中央区出水4丁目1-1"", ""市町村"": ""熊本市"", ""混雑状況"": ""不明"", ""避難所名"": ""出水南小学校"", ""開設状況"": ""開設""}",matched,exact_name_municipality,0.990,1,428,E4310000067111,E4310000067111,出水南小学校,熊本県熊本市中央区出水4-1-1,1,,,32.783234,130.7306183,"[{""共通ID"": ""E4310000067111"", ""経度"": ""130.7306183"", ""緯度"": ""32.783234""}]",,"[{""NO"": ""428"", ""その他市町村長が必要と認める事項"": """", ""住所"": ""熊本県熊本市中央区出水4-1-1"", ""備考"": """", ""共通ID"": ""E4310000067111"", ""受入対象者"": """", ""指定緊急避難場所との住所同一"": ""1"", ""施設・場所名"": ""出水南小学校"", ""経度"": ""130.7306183"", ""緯度"": ""32.783234""}]",[],reference/43000_1.csv,dd6686fa000c3e720180ba96d02aacff987aec1bba3c9bc69a5867fc0089d10d
2026-07-30,2026-07-30T00:11:18+09:00,26/07/30 00:11時点の避難所状況の一覧です。,2026-07-30T00:11+09:00,ref:E4310000064111,22014c63c05e4b10ed06,熊本市,出水小学校,開設,true,不明,,熊本県熊本市中央区出水1丁目1-75,検索,unchanged,開設,不明,,https://portal.bousai.pref.kumamoto.jp/sp.html?p=evacuation%2Fshelter&l=14-0&ll=32.63819999999999%2C130.77610000000004&z=9&municipalityCd=430005,d815e7969ed90e74ec3dc60e57a4494632640b919eeea0b019cfe49009fe69ee,"{""ルート検索"": ""検索"", ""住所"": ""熊本県熊本市中央区出水1丁目1-75"", ""市町村"": ""熊本市"", ""混雑状況"": ""不明"", ""避難所名"": ""出水小学校"", ""開設状況"": ""開設""}",matched,exact_name_municipality,0.990,1,426,E4310000064111,E4310000064111,出水小学校,熊本県熊本市中央区出水1-1-75,1,,,32.789046,130.731203,"[{""共通ID"": ""E4310000064111"", ""経度"": ""130.731203"", ""緯度"": ""32.789046""}]",,"[{""NO"": ""426"", ""その他市町村長が必要と認める事項"": """", ""住所"": ""熊本県熊本市中央区出水1-1-75"", ""備考"": """", ""共通ID"": ""E4310000064111"", ""受入対象者"": """", ""指定緊急避難場所との住所同一"": ""1"", ""施設・場所名"": ""出水小学校"", ""経度"": ""130.731203"", ""緯度"": ""32.789046""}]",[],reference/43000_1.csv,dd6686fa000c3e720180ba96d02aacff987aec1bba3c9bc69a5867fc0089d10d
2026-07-30,2026-07-30T00:11:18+09:00,26/07/30 00:11時点の避難所状況の一覧です。,2026-07-30T00:11+09:00,ref:E4310000110111,d44e7b27f7fde85bda12,熊本市,向山小学校,開設,true,不明,,熊本県熊本市中央区本山4丁目5-11,検索,unchanged,開設,不明,,https://portal.bousai.pref.kumamoto.jp/sp.html?p=evacuation%2Fshelter&l=14-0&ll=32.63819999999999%2C130.77610000000004&z=9&municipalityCd=430005,7f2396ff49b8214ba6df831a680bb96555d19b52d1892185d0062beac82f321b,"{""ルート検索"": ""検索"", ""住所"": ""熊本県熊本市中央区本山4丁目5-11"", ""市町村"": ""熊本市"", ""混雑状況"": ""不明"", ""避難所名"": ""向山小学校"", ""開設状況"": ""開設""}",matched,exact_name_municipality,0.990,1,449,E4310000110111,E4310000110111,向山小学校,熊本県熊本市中央区本山4-5-11,1,,,32.789394,130.700032,"[{""共通ID"": ""E4310000110111"", ""経度"": ""130.700032"", ""緯度"": ""32.789394""}]",,"[{""NO"": ""449"", ""その他市町村長が必要と認める事項"": """", ""住所"": ""熊本県熊本市中央区本山4-5-11"", ""備考"": """", ""共通ID"": ""E4310000110111"", ""受入対象者"": """", ""指定緊急避難場所との住所同一"": ""1"", ""施設・場所名"": ""向山小学校"", ""経度"": ""130.700032"", ""緯度"": ""32.789394""}]",[],reference/43000_1.csv,dd6686fa000c3e720180ba96d02aacff987aec1bba3c9bc69a5867fc0089d10d
2026-07-30,2026-07-30T00:11:18+09:00,26/07/30 00:11時点の避難所状況の一覧です。,2026-07-30T00:11+09:00,ref:E4310000081111,a4cf91523f0ab1d5dbcb,熊本市,城東小学校,開設,true,不明,,熊本県熊本市中央区千葉城町5-1,検索,unchanged,開設,不明,,https://portal.bousai.pref.kumamoto.jp/sp.html?p=evacuation%2Fshelter&l=14-0&ll=32.63819999999999%2C130.77610000000004&z=9&municipalityCd=430005,78d839a4a33849549814f0c33e06821cb0d2694fe25bb5c305184e80e13fad32,"{""ルート検索"": ""検索"", ""住所"": ""熊本県熊本市中央区千葉城町5-1"", ""市町村"": ""熊本市"", ""混雑状況"": ""不明"", ""避難所名"": ""城東小学校"", ""開設状況"": ""開設""}",matched,exact_name_address,1.000,1,436,E4310000081111,E4310000081111,城東小学校,熊本県熊本市中央区千葉城町5-1,1,,,32.808347,130.709322,"[{""共通ID"": ""E4310000081111"", ""経度"": ""130.709322"", ""緯度"": ""32.808347""}]",,"[{""NO"": ""436"", ""その他市町村長が必要と認める事項"": """", ""住所"": ""熊本県熊本市中央区千葉城町5-1"", ""備考"": """", ""共通ID"": ""E4310000081111"", ""受入対象者"": """", ""指定緊急避難場所との住所同一"": ""1"", ""施設・場所名"": ""城東小学校"", ""経度"": ""130.709322"", ""緯度"": ""32.808347""}]",[],reference/43000_1.csv,dd6686fa000c3e720180ba96d02aacff987aec1bba3c9bc69a5867fc0089d10d
2026-07-30,2026-07-30T00:11:18+09:00,26/07/30 00:11時点の避難所状況の一覧です。,2026-07-30T00:11+09:00,ref:E4310000114111,b5618a4122aaa3e96c0c,熊本市,壼川小学校,開設,true,不明,,熊本県熊本市中央区壼川1丁目4-5,検索,unchanged,開設,不明,,https://portal.bousai.pref.kumamoto.jp/sp.html?p=evacuation%2Fshelter&l=14-0&ll=32.63819999999999%2C130.77610000000004&z=9&municipalityCd=430005,53b15834e8c5c2eabb2bbb3e5d0a6680701588148c0055335ea143fcce688ca3,"{""ルート検索"": ""検索"", ""住所"": ""熊本県熊本市中央区壼川1丁目4-5"", ""市町村"": ""熊本市"", ""混雑状況"": ""不明"", ""避難所名"": ""壼川小学校"", ""開設状況"": ""開設""}",matched,exact_name_municipality,0.990,1,452,E4310000114111,E4310000114111,壼川小学校,熊本県熊本市中央区壼川1-4-5,1,,,32.81301698,130.710128,"[{""共通ID"": ""E4310000114111"", ""経度"": ""130.710128"", ""緯度"": ""32.81301698""}]",,"[{""NO"": ""452"", ""その他市町村長が必要と認める事項"": """", ""住所"": ""熊本県熊本市中央区壼川1-4-5"", ""備考"": """", ""共通ID"": ""E4310000114111"", ""受入対象者"": """", ""指定緊急避難場所との住所同一"": ""1"", ""施設・場所名"": ""壼川小学校"", ""経度"": ""130.710128"", ""緯度"": ""32.81301698""}]",[],reference/43000_1.csv,dd6686fa000c3e720180ba96d02aacff987aec1bba3c9bc69a5867fc0089d10d
2026-07-30,2026-07-30T00:11:18+09:00,26/07/30 00:11時点の避難所状況の一覧です。,2026-07-30T00:11+09:00,ref:E4310000303111,021b936588ce7f663872,熊本市,大和地域コミュニティセンター,開設,true,不明,,熊本県熊本市北区植木町大和70?22,検索,unchanged,開設,不明,,https://portal.bousai.pref.kumamoto.jp/sp.html?p=evacuation%2Fshelter&l=14-0&ll=32.63819999999999%2C130.77610000000004&z=9&municipalityCd=430005,753e705c2cd60b6a149d4993affc872b8a07101fab31499bd6cd076f493467f6,"{""ルート検索"": ""検索"", ""住所"": ""熊本県熊本市北区植木町大和70?22"", ""市町村"": ""熊本市"", ""混雑状況"": ""不明"", ""避難所名"": ""大和地域コミュニティセンター"", ""開設状況"": ""開設""}",matched,exact_name_municipality,0.990,1,548,E4310000303111,E4310000303111,大和地域コミュニティセンター,熊本県熊本市北区植木町大和70-22,1,,,32.880621,130.672335,"[{""共通ID"": ""E4310000303111"", ""経度"": ""130.672335"", ""緯度"": ""32.880621""}]",,"[{""NO"": ""548"", ""その他市町村長が必要と認める事項"": """", ""住所"": ""熊本県熊本市北区植木町大和70-22"", ""備考"": """", ""共通ID"": ""E4310000303111"", ""受入対象者"": """", ""指定緊急避難場所との住所同一"": ""1"", ""施設・場所名"": ""大和地域コミュニティセンター"", ""経度"": ""130.672335"", ""緯度"": ""32.880621""}]",[],reference/43000_1.csv,dd6686fa000c3e720180ba96d02aacff987aec1bba3c9bc69a5867fc0089d10d
2026-07-30,2026-07-30T00:11:18+09:00,26/07/30 00:11時点の避難所状況の一覧です。,2026-07-30T00:11+09:00,ref:E4310000095111,b636191816d1a5243a8c,熊本市,大江交流室・公民館,開設,true,不明,,熊本県熊本市中央区大江6丁目1-85,検索,unchanged,開設,不明,,https://portal.bousai.pref.kumamoto.jp/sp.html?p=evacuation%2Fshelter&l=14-0&ll=32.63819999999999%2C130.77610000000004&z=9&municipalityCd=430005,e754f1540c90cb68fd726c5b9a316a79c9d9f3b0789b0e142a30268d451cd4ff,"{""ルート検索"": ""検索"", ""住所"": ""熊本県熊本市中央区大江6丁目1-85"", ""市町村"": ""熊本市"", ""混雑状況"": ""不明"", ""避難所名"": ""大江交流室・公民館"", ""開設状況"": ""開設""}",matched,exact_name_municipality,0.990,1,444,E4310000095111,E4310000095111,大江交流室・公民館,熊本県熊本市中央区大江6-1-85,1,,,32.798861,130.725085,"[{""共通ID"": ""E4310000095111"", ""経度"": ""130.725085"", ""緯度"": ""32.798861""}]",,"[{""NO"": ""444"", ""その他市町村長が必要と認める事項"": """", ""住所"": ""熊本県熊本市中央区大江6-1-85"", ""備考"": """", ""共通ID"": ""E4310000095111"", ""受入対象者"": """", ""指定緊急避難場所との住所同一"": ""1"", ""施設・場所名"": ""大江交流室・公民館"", ""経度"": ""130.725085"", ""緯度"": ""32.798861""}]",[],reference/43000_1.csv,dd6686fa000c3e720180ba96d02aacff987aec1bba3c9bc69a5867fc0089d10d
2026-07-30,2026-07-30T00:11:18+09:00,26/07/30 00:11時点の避難所状況の一覧です。,2026-07-30T00:11+09:00,ref:E4310000092111,2c935c9aca8863352c27,熊本市,大江小学校,開設,true,不明,,熊本県熊本市中央区大江3丁目5-31,検索,unchanged,開設,不明,,https://portal.bousai.pref.kumamoto.jp/sp.html?p=evacuation%2Fshelter&l=14-0&ll=32.63819999999999%2C130.77610000000004&z=9&municipalityCd=430005,64694b15c2841e670c6f82d0ab7ff38efa75d9234d8ea188d881160b744b0866,"{""ルート検索"": ""検索"", ""住所"": ""熊本県熊本市中央区大江3丁目5-31"", ""市町村"": ""熊本市"", ""混雑状況"": ""不明"", ""避難所名"": ""大江小学校"", ""開設状況"": ""開設""}",matched,exact_name_municipality,0.990,1,443,E4310000092111,E4310000092111,大江小学校,熊本県熊本市中央区大江3-5-31,1,,,32.801929,130.725461,"[{""共通ID"": ""E4310000092111"", ""経度"": ""130.725461"", ""緯度"": ""32.801929""}]",,"[{""NO"": ""443"", ""その他市町村長が必要と認める事項"": """", ""住所"": ""熊本県熊本市中央区大江3-5-31"", ""備考"": """", ""共通ID"": ""E4310000092111"", ""受入対象者"": """", ""指定緊急避難場所との住所同一"": ""1"", ""施設・場所名"": ""大江小学校"", ""経度"": ""130.725461"", ""緯度"": ""32.801929""}]",[],reference/43000_1.csv,dd6686fa000c3e720180ba96d02aacff987aec1bba3c9bc69a5867fc0089d10d
2026-07-30,2026-07-30T00:11:18+09:00,26/07/30 00:11時点の避難所状況の一覧です。,2026-07-30T00:11+09:00,ref:E4310000167111,af2417e3440705f7576e,熊本市,尾ノ上小学校,開設,true,不明,,熊本県熊本市東区尾ノ上2丁目8-1,検索,unchanged,開設,不明,,https://portal.bousai.pref.kumamoto.jp/sp.html?p=evacuation%2Fshelter&l=14-0&ll=32.63819999999999%2C130.77610000000004&z=9&municipalityCd=430005,843c51b20d3abd217cbd49e226d6bf6dabe106a5aaadb25c24dd2d36078aa218,"{""ルート検索"": ""検索"", ""住所"": ""熊本県熊本市東区尾ノ上2丁目8-1"", ""市町村"": ""熊本市"", ""混雑状況"": ""不明"", ""避難所名"": ""尾ノ上小学校"", ""開設状況"": ""開設""}",matched,exact_name_municipality,0.990,1,489,E4310000167111,E4310000167111,尾ノ上小学校,熊本県熊本市東区尾ノ上2-8-1,1,,,32.793805,130.754073,"[{""共通ID"": ""E4310000167111"", ""経度"": ""130.754073"", ""緯度"": ""32.793805""}]",,"[{""NO"": ""489"", ""その他市町村長が必要と認める事項"": """", ""住所"": ""熊本県熊本市東区尾ノ上2-8-1"", ""備考"": """", ""共通ID"": ""E4310000167111"", ""受入対象者"": """", ""指定緊急避難場所との住所同一"": ""1"", ""施設・場所名"": ""尾ノ上小学校"", ""経度"": ""130.754073"", ""緯度"": ""32.793805""}]",[],reference/43000_1.csv,dd6686fa000c3e720180ba96d02aacff987aec1bba3c9bc69a5867fc0089d10d
2026-07-30,2026-07-30T00:11:18+09:00,26/07/30 00:11時点の避難所状況の一覧です。,2026-07-30T00:11+09:00,ref:E4310000100111,00147cfa088f0b47f1d7,熊本市,市立必由館高校,開設,true,不明,,熊本県熊本市中央区坪井4丁目15-1,検索,unchanged,開設,不明,,https://portal.bousai.pref.kumamoto.jp/sp.html?p=evacuation%2Fshelter&l=14-0&ll=32.63819999999999%2C130.77610000000004&z=9&municipalityCd=430005,ce9857b741817bb17aca3fe2955e73bf727e5150188842be29a80917bd7596f8,"{""ルート検索"": ""検索"", ""住所"": ""熊本県熊本市中央区坪井4丁目15-1"", ""市町村"": ""熊本市"", ""混雑状況"": ""不明"", ""避難所名"": ""市立必由館高校"", ""開設状況"": ""開設""}",matched,exact_name_municipality,0.990,1,445,E4310000100111,E4310000100111,市立必由館高校,熊本県熊本市中央区坪井4-15-1,1,,,32.815799,130.714035,"[{""共通ID"": ""E4310000100111"", ""経度"": ""130.714035"", ""緯度"": ""32.815799""}]",,"[{""NO"": ""445"", ""その他市町村長が必要と認める事項"": """", ""住所"": ""熊本県熊本市中央区坪井4-15-1"", ""備考"": """", ""共通ID"": ""E4310000100111"", ""受入対象者"": """", ""指定緊急避難場所との住所同一"": ""1"", ""施設・場所名"": ""市立必由館高校"", ""経度"": ""130.714035"", ""緯度"": ""32.815799""}]",[],reference/43000_1.csv,dd6686fa000c3e720180ba96d02aacff987aec1bba3c9bc69a5867fc0089d10d
2026-07-30,2026-07-30T00:11:18+09:00,26/07/30 00:11時点の避難所状況の一覧です。,2026-07-30T00:11+09:00,ref:E4310000086111,f4b22f97513bb98999bb,熊本市,帯山中学校,開設,true,不明,,熊本県熊本市中央区帯山1丁目35-32,検索,unchanged,開設,不明,,https://portal.bousai.pref.kumamoto.jp/sp.html?p=evacuation%2Fshelter&l=14-0&ll=32.63819999999999%2C130.77610000000004&z=9&municipalityCd=430005,bb9d261cc0b810956d01f42256adc8a1abafa0107edebfeba40f6ae7c1bcc959,"{""ルート検索"": ""検索"", ""住所"": ""熊本県熊本市中央区帯山1丁目35-32"", ""市町村"": ""熊本市"", ""混雑状況"": ""不明"", ""避難所名"": ""帯山中学校"", ""開設状況"": ""開設""}",matched,exact_name_municipality,0.990,1,440,E4310000086111,E4310000086111,帯山中学校,熊本県熊本市中央区帯山1-35-32,1,,,32.801179,130.74504,"[{""共通ID"": ""E4310000086111"", ""経度"": ""130.74504"", ""緯度"": ""32.801179""}]",,"[{""NO"": ""440"", ""その他市町村長が必要と認める事項"": """", ""住所"": ""熊本県熊本市中央区帯山1-35-32"", ""備考"": """", ""共通ID"": ""E4310000086111"", ""受入対象者"": """", ""指定緊急避難場所との住所同一"": ""1"", ""施設・場所名"": ""帯山中学校"", ""経度"": ""130.74504"", ""緯度"": ""32.801179""}]",[],reference/43000_1.csv,dd6686fa000c3e720180ba96d02aacff987aec1bba3c9bc69a5867fc0089d10d
2026-07-30,2026-07-30T00:11:18+09:00,26/07/30 00:11時点の避難所状況の一覧です。,2026-07-30T00:11+09:00,ref:E4310000087111,af9021428248ada45650,熊本市,帯山小学校,開設,true,不明,,熊本県熊本市中央区帯山4丁目11-11,検索,unchanged,開設,不明,,https://portal.bousai.pref.kumamoto.jp/sp.html?p=evacuation%2Fshelter&l=14-0&ll=32.63819999999999%2C130.77610000000004&z=9&municipalityCd=430005,102ff2311af52c86a8d6e85c9b8751c7d7a3cdfd12d692d3d601a65e2c52fe4f,"{""ルート検索"": ""検索"", ""住所"": ""熊本県熊本市中央区帯山4丁目11-11"", ""市町村"": ""熊本市"", ""混雑状況"": ""不明"", ""避難所名"": ""帯山小学校"", ""開設状況"": ""開設""}",matched,exact_name_municipality,0.990,1,441,E4310000087111,E4310000087111,帯山小学校,熊本県熊本市中央区帯山4-11-11,1,,,32.80193,130.749869,"[{""共通ID"": ""E4310000087111"", ""経度"": ""130.749869"", ""緯度"": ""32.80193""}]",,"[{""NO"": ""441"", ""その他市町村長が必要と認める事項"": """", ""住所"": ""熊本県熊本市中央区帯山4-11-11"", ""備考"": """", ""共通ID"": ""E4310000087111"", ""受入対象者"": """", ""指定緊急避難場所との住所同一"": ""1"", ""施設・場所名"": ""帯山小学校"", ""経度"": ""130.749869"", ""緯度"": ""32.80193""}]",[],reference/43000_1.csv,dd6686fa000c3e720180ba96d02aacff987aec1bba3c9bc69a5867fc0089d10d
2026-07-30,2026-07-30T00:11:18+09:00,26/07/30 00:11時点の避難所状況の一覧です。,2026-07-30T00:11+09:00,ref:E4310000063111,0773ef5e716505cc0fb7,熊本市,慶徳小学校,開設,true,不明,,熊本県熊本市中央区山崎町72,検索,unchanged,開設,不明,,https://portal.bousai.pref.kumamoto.jp/sp.html?p=evacuation%2Fshelter&l=14-0&ll=32.63819999999999%2C130.77610000000004&z=9&municipalityCd=430005,8cb6174b5c9f87810f62982e16d33e450e59a0ef8304ba97b50f9d5cec914039,"{""ルート検索"": ""検索"", ""住所"": ""熊本県熊本市中央区山崎町72"", ""市町村"": ""熊本市"", ""混雑状況"": ""不明"", ""避難所名"": ""慶徳小学校"", ""開設状況"": ""開設""}",matched,exact_name_address,1.000,1,425,E4310000063111,E4310000063111,慶徳小学校,熊本県熊本市中央区山崎町72,,,,32.797031,130.701795,"[{""共通ID"": ""E4310000063111"", ""経度"": ""130.701795"", ""緯度"": ""32.797031""}]",,"[{""NO"": ""425"", ""その他市町村長が必要と認める事項"": """", ""住所"": ""熊本県熊本市中央区山崎町72"", ""備考"": """", ""共通ID"": ""E4310000063111"", ""受入対象者"": """", ""指定緊急避難場所との住所同一"": """", ""施設・場所名"": ""慶徳小学校"", ""経度"": ""130.701795"", ""緯度"": ""32.797031""}]",[],reference/43000_1.csv,dd6686fa000c3e720180ba96d02aacff987aec1bba3c9bc69a5867fc0089d10d
2026-07-30,2026-07-30T00:11:18+09:00,26/07/30 00:11時点の避難所状況の一覧です。,2026-07-30T00:11+09:00,ref:E4310000050111,8ff39d16d9065eb513fe,熊本市,春竹小学校,開設,true,不明,,熊本県熊本市中央区琴平1丁目9-43,検索,unchanged,開設,不明,,https://portal.bousai.pref.kumamoto.jp/sp.html?p=evacuation%2Fshelter&l=14-0&ll=32.63819999999999%2C130.77610000000004&z=9&municipalityCd=430005,6621cc29f3f09f30c6c4f08c0131ede886f71c90e4bd16698e95d43ca23e29bc,"{""ルート検索"": ""検索"", ""住所"": ""熊本県熊本市中央区琴平1丁目9-43"", ""市町村"": ""熊本市"", ""混雑状況"": ""不明"", ""避難所名"": ""春竹小学校"", ""開設状況"": ""開設""}",matched,exact_name_municipality,0.990,1,417,E4310000050111,E4310000050111,春竹小学校,熊本県熊本市中央区琴平1-9-43,1,,,32.78826447,130.7075609,"[{""共通ID"": ""E4310000050111"", ""経度"": ""130.7075609"", ""緯度"": ""32.78826447""}]",,"[{""NO"": ""417"", ""その他市町村長が必要と認める事項"": """", ""住所"": ""熊本県熊本市中央区琴平1-9-43"", ""備考"": """", ""共通ID"": ""E4310000050111"", ""受入対象者"": """", ""指定緊急避難場所との住所同一"": ""1"", ""施設・場所名"": ""春竹小学校"", ""経度"": ""130.7075609"", ""緯度"": ""32.78826447""}]",[],reference/43000_1.csv,dd6686fa000c3e720180ba96d02aacff987aec1bba3c9bc69a5867fc0089d10d
2026-07-30,2026-07-30T00:11:18+09:00,26/07/30 00:11時点の避難所状況の一覧です。,2026-07-30T00:11+09:00,ref:E4310000113111,85b455d9073317f26b6a,熊本市,本荘小学校,開設,true,不明,,熊本県熊本市中央区本荘6丁目5-47,検索,unchanged,開設,不明,,https://portal.bousai.pref.kumamoto.jp/sp.html?p=evacuation%2Fshelter&l=14-0&ll=32.63819999999999%2C130.77610000000004&z=9&municipalityCd=430005,8e7e5951f5b950945d4c9686aa8b28ba381e5d86a1be360391007a791bb09a0a,"{""ルート検索"": ""検索"", ""住所"": ""熊本県熊本市中央区本荘6丁目5-47"", ""市町村"": ""熊本市"", ""混雑状況"": ""不明"", ""避難所名"": ""本荘小学校"", ""開設状況"": ""開設""}",matched,exact_name_municipality,0.990,1,451,E4310000113111,E4310000113111,本荘小学校,熊本県熊本市中央区本荘6-5-47,1,,,32.792637,130.708133,"[{""共通ID"": ""E4310000113111"", ""経度"": ""130.708133"", ""緯度"": ""32.792637""}]",,"[{""NO"": ""451"", ""その他市町村長が必要と認める事項"": """", ""住所"": ""熊本県熊本市中央区本荘6-5-47"", ""備考"": """", ""共通ID"": ""E4310000113111"", ""受入対象者"": """", ""指定緊急避難場所との住所同一"": ""1"", ""施設・場所名"": ""本荘小学校"", ""経度"": ""130.708133"", ""緯度"": ""32.792637""}]",[],reference/43000_1.csv,dd6686fa000c3e720180ba96d02aacff987aec1bba3c9bc69a5867fc0089d10d
2026-07-30,2026-07-30T00:11:18+09:00,26/07/30 00:11時点の避難所状況の一覧です。,2026-07-30T00:11+09:00,web:0eec9dba2b46c492c406,0eec9dba2b46c492c406,熊本市,東海大学熊本キャンパス・付属熊本星翔高等学校,開設,true,不明,,熊本県熊本市東区渡鹿9丁目1-1,検索,unchanged,開設,不明,,https://portal.bousai.pref.kumamoto.jp/sp.html?p=evacuation%2Fshelter&l=14-0&ll=32.63819999999999%2C130.77610000000004&z=9&municipalityCd=430005,64b6f117baa6c0ad221329e98d4f791e1b110c91dec2ba4fc371d6e5c4097523,"{""ルート検索"": ""検索"", ""住所"": ""熊本県熊本市東区渡鹿9丁目1-1"", ""市町村"": ""熊本市"", ""混雑状況"": ""不明"", ""避難所名"": ""東海大学熊本キャンパス・付属熊本星翔高等学校"", ""開設状況"": ""開設""}",unmatched,no_candidate,,0,,,,,,,,,,,[],,[],[],reference/43000_1.csv,dd6686fa000c3e720180ba96d02aacff987aec1bba3c9bc69a5867fc0089d10d
2026-07-30,2026-07-30T00:11:18+09:00,26/07/30 00:11時点の避難所状況の一覧です。,2026-07-30T00:11+09:00,ref:E4310000120112,9bde09bd2a69c8164315,熊本市,東部公民館,開設,true,不明,,熊本県熊本市東区錦ヶ丘1-1,検索,unchanged,開設,不明,,https://portal.bousai.pref.kumamoto.jp/sp.html?p=evacuation%2Fshelter&l=14-0&ll=32.63819999999999%2C130.77610000000004&z=9&municipalityCd=430005,1f75df45066c7aaa6c9a9bde4ea45245b9831f1018e4d034f5f6369d5923b3fc,"{""ルート検索"": ""検索"", ""住所"": ""熊本県熊本市東区錦ヶ丘1-1"", ""市町村"": ""熊本市"", ""混雑状況"": ""不明"", ""避難所名"": ""東部公民館"", ""開設状況"": ""開設""}",matched,exact_name_municipality,0.990,1,457,E4310000120112,E4310000120112,東部公民館,熊本県熊本市東区錦ケ丘1-1,,,,32.788455211444,130.75372354951,"[{""共通ID"": ""E4310000120112"", ""経度"": ""130.75372354951"", ""緯度"": ""32.788455211444""}]",,"[{""NO"": ""457"", ""その他市町村長が必要と認める事項"": """", ""住所"": ""熊本県熊本市東区錦ケ丘1-1"", ""備考"": """", ""共通ID"": ""E4310000120112"", ""受入対象者"": """", ""指定緊急避難場所との住所同一"": """", ""施設・場所名"": ""東部公民館"", ""経度"": ""130.75372354951"", ""緯度"": ""32.788455211444""}]",[],reference/43000_1.csv,dd6686fa000c3e720180ba96d02aacff987aec1bba3c9bc69a5867fc0089d10d
2026-07-30,2026-07-30T00:11:18+09:00,26/07/30 00:11時点の避難所状況の一覧です。,2026-07-30T00:11+09:00,ref:E4310000166111,cb3597f05f65331d8f50,熊本市,東野中学校,開設,true,不明,,熊本県熊本市東区東野3丁目6-50,検索,unchanged,開設,不明,,https://portal.bousai.pref.kumamoto.jp/sp.html?p=evacuation%2Fshelter&l=14-0&ll=32.63819999999999%2C130.77610000000004&z=9&municipalityCd=430005,a4ad11e2b4ed3f7ea14185e5b7db2f71c708b3cc2174c6d84f90b9193f21639c,"{""ルート検索"": ""検索"", ""住所"": ""熊本県熊本市東区東野3丁目6-50"", ""市町村"": ""熊本市"", ""混雑状況"": ""不明"", ""避難所名"": ""東野中学校"", ""開設状況"": ""開設""}",matched,exact_name_municipality,0.990,1,488,E4310000166111,E4310000166111,東野中学校,熊本県熊本市東区東野3-6-50,1,,,32.774973,130.767996,"[{""共通ID"": ""E4310000166111"", ""経度"": ""130.767996"", ""緯度"": ""32.774973""}]",,"[{""NO"": ""488"", ""その他市町村長が必要と認める事項"": """", ""住所"": ""熊本県熊本市東区東野3-6-50"", ""備考"": """", ""共通ID"": ""E4310000166111"", ""受入対象者"": """", ""指定緊急避難場所との住所同一"": ""1"", ""施設・場所名"": ""東野中学校"", ""経度"": ""130.767996"", ""緯度"": ""32.774973""}]",[],reference/43000_1.csv,dd6686fa000c3e720180ba96d02aacff987aec1bba3c9bc69a5867fc0089d10d
2026-07-30,2026-07-30T00:11:18+09:00,26/07/30 00:11時点の避難所状況の一覧です。,2026-07-30T00:11+09:00,ref:E4310000061111,3f970ff1254f656c81a8,熊本市,桜山中学校,開設,true,不明,,熊本県熊本市中央区黒髪5丁目13-1,検索,unchanged,開設,不明,,https://portal.bousai.pref.kumamoto.jp/sp.html?p=evacuation%2Fshelter&l=14-0&ll=32.63819999999999%2C130.77610000000004&z=9&municipalityCd=430005,b1fb0bf1a8834ae53930ece503facdfddd07a8e42b32c17009e4a6565d06aaf3,"{""ルート検索"": ""検索"", ""住所"": ""熊本県熊本市中央区黒髪5丁目13-1"", ""市町村"": ""熊本市"", ""混雑状況"": ""不明"", ""避難所名"": ""桜山中学校"", ""開設状況"": ""開設""}",matched,exact_name_municipality,0.990,1,421,E4310000061111,E4310000061111,桜山中学校,熊本県熊本市中央区黒髪5-13-1,1,,,32.816408,130.731902,"[{""共通ID"": ""E4310000061111"", ""経度"": ""130.731902"", ""緯度"": ""32.816408""}]",,"[{""NO"": ""421"", ""その他市町村長が必要と認める事項"": """", ""住所"": ""熊本県熊本市中央区黒髪5-13-1"", ""備考"": """", ""共通ID"": ""E4310000061111"", ""受入対象者"": """", ""指定緊急避難場所との住所同一"": ""1"", ""施設・場所名"": ""桜山中学校"", ""経度"": ""130.731902"", ""緯度"": ""32.816408""}]",[],reference/43000_1.csv,dd6686fa000c3e720180ba96d02aacff987aec1bba3c9bc69a5867fc0089d10d
2026-07-30,2026-07-30T00:11:18+09:00,26/07/30 00:11時点の避難所状況の一覧です。,2026-07-30T00:11+09:00,ref:E4310000117111,9a667ee808865a9f0452,熊本市,桜木小学校,開設,true,不明,,熊本県熊本市東区花立2丁目23-1,検索,unchanged,開設,不明,,https://portal.bousai.pref.kumamoto.jp/sp.html?p=evacuation%2Fshelter&l=14-0&ll=32.63819999999999%2C130.77610000000004&z=9&municipalityCd=430005,ef636afeade5c755e02aceb7e1a7ac5bdfa3d139c0ff23ca9e5134d3a5de9830,"{""ルート検索"": ""検索"", ""住所"": ""熊本県熊本市東区花立2丁目23-1"", ""市町村"": ""熊本市"", ""混雑状況"": ""不明"", ""避難所名"": ""桜木小学校"", ""開設状況"": ""開設""}",matched,exact_name_municipality,0.990,1,454,E4310000117111,E4310000117111,桜木小学校,熊本県熊本市東区花立2-23-1,1,,,32.781405,130.776701,"[{""共通ID"": ""E4310000117111"", ""経度"": ""130.776701"", ""緯度"": ""32.781405""}]",,"[{""NO"": ""454"", ""その他市町村長が必要と認める事項"": """", ""住所"": ""熊本県熊本市東区花立2-23-1"", ""備考"": """", ""共通ID"": ""E4310000117111"", ""受入対象者"": """", ""指定緊急避難場所との住所同一"": ""1"", ""施設・場所名"": ""桜木小学校"", ""経度"": ""130.776701"", ""緯度"": ""32.781405""}]",[],reference/43000_1.csv,dd6686fa000c3e720180ba96d02aacff987aec1bba3c9bc69a5867fc0089d10d
2026-07-30,2026-07-30T00:11:18+09:00,26/07/30 00:11時点の避難所状況の一覧です。,2026-07-30T00:11+09:00,ref:E4310000136111,7246aa5078fa72b0597d,熊本市,桜木東小学校,開設,true,不明,,熊本県熊本市東区桜木6丁目10-1,検索,unchanged,開設,不明,,https://portal.bousai.pref.kumamoto.jp/sp.html?p=evacuation%2Fshelter&l=14-0&ll=32.63819999999999%2C130.77610000000004&z=9&municipalityCd=430005,d95ce71af57ee0f95f6e146ee9e5e987f499e5d28a490a018f4e9fb0e848cf60,"{""ルート検索"": ""検索"", ""住所"": ""熊本県熊本市東区桜木6丁目10-1"", ""市町村"": ""熊本市"", ""混雑状況"": ""不明"", ""避難所名"": ""桜木東小学校"", ""開設状況"": ""開設""}",matched,exact_name_municipality,0.990,1,468,E4310000136111,E4310000136111,桜木東小学校,熊本県熊本市東区桜木6-10-1,1,,,32.788308,130.781765,"[{""共通ID"": ""E4310000136111"", ""経度"": ""130.781765"", ""緯度"": ""32.788308""}]",,"[{""NO"": ""468"", ""その他市町村長が必要と認める事項"": """", ""住所"": ""熊本県熊本市東区桜木6-10-1"", ""備考"": """", ""共通ID"": ""E4310000136111"", ""受入対象者"": """", ""指定緊急避難場所との住所同一"": ""1"", ""施設・場所名"": ""桜木東小学校"", ""経度"": ""130.781765"", ""緯度"": ""32.788308""}]",[],reference/43000_1.csv,dd6686fa000c3e720180ba96d02aacff987aec1bba3c9bc69a5867fc0089d10d
2026-07-30,2026-07-30T00:11:18+09:00,26/07/30 00:11時点の避難所状況の一覧です。,2026-07-30T00:11+09:00,web:a8686c9b3a353a1462ae,a8686c9b3a353a1462ae,熊本市,水前寺競技場【ペット避難場所】,開設,true,不明,,熊本市中央区水前寺5-23-3,検索,unchanged,開設,不明,,https://portal.bousai.pref.kumamoto.jp/sp.html?p=evacuation%2Fshelter&l=14-0&ll=32.63819999999999%2C130.77610000000004&z=9&municipalityCd=430005,663108aacb8611c9db252fd84716b87820c184d567f55e71ed62e2b88a201a0e,"{""ルート検索"": ""検索"", ""住所"": ""熊本市中央区水前寺5-23-3"", ""市町村"": ""熊本市"", ""混雑状況"": ""不明"", ""避難所名"": ""水前寺競技場【ペット避難場所】"", ""開設状況"": ""開設""}",unmatched,no_candidate,,0,,,,,,,,,,,[],,[],[],reference/43000_1.csv,dd6686fa000c3e720180ba96d02aacff987aec1bba3c9bc69a5867fc0089d10d
2026-07-30,2026-07-30T00:11:18+09:00,26/07/30 00:11時点の避難所状況の一覧です。,2026-07-30T00:11+09:00,ref:E4310000111111,34dfcb5e0abf5276e639,熊本市,江南中学校,開設,true,不明,,熊本県熊本市中央区本山町75,検索,unchanged,開設,不明,,https://portal.bousai.pref.kumamoto.jp/sp.html?p=evacuation%2Fshelter&l=14-0&ll=32.63819999999999%2C130.77610000000004&z=9&municipalityCd=430005,1fc4d9d9ba593c66b811b75f4d787e84b3c9fe7d1a0396269327a31ed4f29f92,"{""ルート検索"": ""検索"", ""住所"": ""熊本県熊本市中央区本山町75"", ""市町村"": ""熊本市"", ""混雑状況"": ""不明"", ""避難所名"": ""江南中学校"", ""開設状況"": ""開設""}",matched,exact_name_address,1.000,1,450,E4310000111111,E4310000111111,江南中学校,熊本県熊本市中央区本山町75,1,,,32.787578,130.698705,"[{""共通ID"": ""E4310000111111"", ""経度"": ""130.698705"", ""緯度"": ""32.787578""}]",,"[{""NO"": ""450"", ""その他市町村長が必要と認める事項"": """", ""住所"": ""熊本県熊本市中央区本山町75"", ""備考"": """", ""共通ID"": ""E4310000111111"", ""受入対象者"": """", ""指定緊急避難場所との住所同一"": ""1"", ""施設・場所名"": ""江南中学校"", ""経度"": ""130.698705"", ""緯度"": ""32.787578""}]",[],reference/43000_1.csv,dd6686fa000c3e720180ba96d02aacff987aec1bba3c9bc69a5867fc0089d10d
2026-07-30,2026-07-30T00:11:18+09:00,26/07/30 00:11時点の避難所状況の一覧です。,2026-07-30T00:11+09:00,ref:E4310000051111,092033f8d79eda1382b8,熊本市,江原中学校,開設,true,不明,,熊本県熊本市中央区琴平2丁目9-59,検索,unchanged,開設,不明,,https://portal.bousai.pref.kumamoto.jp/sp.html?p=evacuation%2Fshelter&l=14-0&ll=32.63819999999999%2C130.77610000000004&z=9&municipalityCd=430005,44f2e24e3fb22f23e25ec17ccd65e3492851ec9aec5f6461154795d0cd2464a1,"{""ルート検索"": ""検索"", ""住所"": ""熊本県熊本市中央区琴平2丁目9-59"", ""市町村"": ""熊本市"", ""混雑状況"": ""不明"", ""避難所名"": ""江原中学校"", ""開設状況"": ""開設""}",matched,exact_name_municipality,0.990,1,418,E4310000051111,E4310000051111,江原中学校,熊本県熊本市中央区琴平2-9-59,1,,,32.784347,130.70534,"[{""共通ID"": ""E4310000051111"", ""経度"": ""130.70534"", ""緯度"": ""32.784347""}]",,"[{""NO"": ""418"", ""その他市町村長が必要と認める事項"": """", ""住所"": ""熊本県熊本市中央区琴平2-9-59"", ""備考"": """", ""共通ID"": ""E4310000051111"", ""受入対象者"": """", ""指定緊急避難場所との住所同一"": ""1"", ""施設・場所名"": ""江原中学校"", ""経度"": ""130.70534"", ""緯度"": ""32.784347""}]",[],reference/43000_1.csv,dd6686fa000c3e720180ba96d02aacff987aec1bba3c9bc69a5867fc0089d10d
2026-07-30,2026-07-30T00:11:18+09:00,26/07/30 00:11時点の避難所状況の一覧です。,2026-07-30T00:11+09:00,ref:E4310000152111,23231775f962f6169756,熊本市,泉ヶ丘小学校,開設,true,不明,,熊本県熊本市東区水源1丁目7-1,検索,unchanged,開設,不明,,https://portal.bousai.pref.kumamoto.jp/sp.html?p=evacuation%2Fshelter&l=14-0&ll=32.63819999999999%2C130.77610000000004&z=9&municipalityCd=430005,54692eb519a3ec94da2c13274ffa5d4549eccf03a997faf17586045ba292af80,"{""ルート検索"": ""検索"", ""住所"": ""熊本県熊本市東区水源1丁目7-1"", ""市町村"": ""熊本市"", ""混雑状況"": ""不明"", ""避難所名"": ""泉ヶ丘小学校"", ""開設状況"": ""開設""}",matched,exact_name_municipality,0.990,1,480,E4310000152111,E4310000152111,泉ヶ丘小学校,熊本県熊本市東区水源1-7-1,1,,,32.776778,130.753034,"[{""共通ID"": ""E4310000152111"", ""経度"": ""130.753034"", ""緯度"": ""32.776778""}]",,"[{""NO"": ""480"", ""その他市町村長が必要と認める事項"": """", ""住所"": ""熊本県熊本市東区水源1-7-1"", ""備考"": """", ""共通ID"": ""E4310000152111"", ""受入対象者"": """", ""指定緊急避難場所との住所同一"": ""1"", ""施設・場所名"": ""泉ヶ丘小学校"", ""経度"": ""130.753034"", ""緯度"": ""32.776778""}]",[],reference/43000_1.csv,dd6686fa000c3e720180ba96d02aacff987aec1bba3c9bc69a5867fc0089d10d
2026-07-30,2026-07-30T00:11:18+09:00,26/07/30 00:11時点の避難所状況の一覧です。,2026-07-30T00:11+09:00,web:68ebba8ceae244e886a8,68ebba8ceae244e886a8,熊本市,済々黌高校,開設,true,不明,,熊本県熊本市中央区黒髪2丁目22-1,検索,unchanged,開設,不明,,https://portal.bousai.pref.kumamoto.jp/sp.html?p=evacuation%2Fshelter&l=14-0&ll=32.63819999999999%2C130.77610000000004&z=9&municipalityCd=430005,0b0c61a439cabc260c17fc838212353a657182618df28cce355a6731ffe28f07,"{""ルート検索"": ""検索"", ""住所"": ""熊本県熊本市中央区黒髪2丁目22-1"", ""市町村"": ""熊本市"", ""混雑状況"": ""不明"", ""避難所名"": ""済々黌高校"", ""開設状況"": ""開設""}",unmatched,no_candidate,,0,,,,,,,,,,,[],,[],[],reference/43000_1.csv,dd6686fa000c3e720180ba96d02aacff987aec1bba3c9bc69a5867fc0089d10d
2026-07-30,2026-07-30T00:11:18+09:00,26/07/30 00:11時点の避難所状況の一覧です。,2026-07-30T00:11+09:00,ref:E4310000132111,68fed200db740ca39f63,熊本市,湖東中学校,開設,true,不明,,熊本県熊本市東区湖東1丁目13-1,検索,unchanged,開設,不明,,https://portal.bousai.pref.kumamoto.jp/sp.html?p=evacuation%2Fshelter&l=14-0&ll=32.63819999999999%2C130.77610000000004&z=9&municipalityCd=430005,a92518f4293cf7b28042d072f1f71645fcb11e1e581904bdad1fe4fea4636740,"{""ルート検索"": ""検索"", ""住所"": ""熊本県熊本市東区湖東1丁目13-1"", ""市町村"": ""熊本市"", ""混雑状況"": ""不明"", ""避難所名"": ""湖東中学校"", ""開設状況"": ""開設""}",matched,exact_name_municipality,0.990,1,464,E4310000132111,E4310000132111,湖東中学校,熊本県熊本市東区湖東1-13-1,1,,,32.781329,130.748048,"[{""共通ID"": ""E4310000132111"", ""経度"": ""130.748048"", ""緯度"": ""32.781329""}]",,"[{""NO"": ""464"", ""その他市町村長が必要と認める事項"": """", ""住所"": ""熊本県熊本市東区湖東1-13-1"", ""備考"": """", ""共通ID"": ""E4310000132111"", ""受入対象者"": """", ""指定緊急避難場所との住所同一"": ""1"", ""施設・場所名"": ""湖東中学校"", ""経度"": ""130.748048"", ""緯度"": ""32.781329""}]",[],reference/43000_1.csv,dd6686fa000c3e720180ba96d02aacff987aec1bba3c9bc69a5867fc0089d10d
2026-07-30,2026-07-30T00:11:18+09:00,26/07/30 00:11時点の避難所状況の一覧です。,2026-07-30T00:11+09:00,web:ea37c810630367993fe2,ea37c810630367993fe2,熊本市,熊本刑務所,開設,true,不明,,熊本県熊本市中央区渡鹿7丁目12ー1,検索,unchanged,開設,不明,,https://portal.bousai.pref.kumamoto.jp/sp.html?p=evacuation%2Fshelter&l=14-0&ll=32.63819999999999%2C130.77610000000004&z=9&municipalityCd=430005,a1919a25ddd454b387cdea2a090925c5833d4d4a7eec19f75ed2fd76ddd3d451,"{""ルート検索"": ""検索"", ""住所"": ""熊本県熊本市中央区渡鹿7丁目12ー1"", ""市町村"": ""熊本市"", ""混雑状況"": ""不明"", ""避難所名"": ""熊本刑務所"", ""開設状況"": ""開設""}",unmatched,no_candidate,,0,,,,,,,,,,,[],,[],[],reference/43000_1.csv,dd6686fa000c3e720180ba96d02aacff987aec1bba3c9bc69a5867fc0089d10d
2026-07-30,2026-07-30T00:11:18+09:00,26/07/30 00:11時点の避難所状況の一覧です。,2026-07-30T00:11+09:00,web:9db5a91275ae29313c40,9db5a91275ae29313c40,熊本市,熊本商業高校,開設,true,不明,,熊本県熊本市中央区神水1丁目1-2,検索,unchanged,開設,不明,,https://portal.bousai.pref.kumamoto.jp/sp.html?p=evacuation%2Fshelter&l=14-0&ll=32.63819999999999%2C130.77610000000004&z=9&municipalityCd=430005,214c0154aea6c17cc1640d6b8689f1771f8c5899572e7c7c947122bb8d93b32f,"{""ルート検索"": ""検索"", ""住所"": ""熊本県熊本市中央区神水1丁目1-2"", ""市町村"": ""熊本市"", ""混雑状況"": ""不明"", ""避難所名"": ""熊本商業高校"", ""開設状況"": ""開設""}",unmatched,no_candidate,,0,,,,,,,,,,,[],,[],[],reference/43000_1.csv,dd6686fa000c3e720180ba96d02aacff987aec1bba3c9bc69a5867fc0089d10d
2026-07-30,2026-07-30T00:11:18+09:00,26/07/30 00:11時点の避難所状況の一覧です。,2026-07-30T00:11+09:00,web:e058f968109ebad6cc37,e058f968109ebad6cc37,熊本市,熊本大学大江体育館,開設,true,不明,,熊本県熊本市中央区大江本町5-1,検索,unchanged,開設,不明,,https://portal.bousai.pref.kumamoto.jp/sp.html?p=evacuation%2Fshelter&l=14-0&ll=32.63819999999999%2C130.77610000000004&z=9&municipalityCd=430005,46f19617f1ee06d0405f89adec46c3f8a457c24ec9a9efb60836acae9f9456e3,"{""ルート検索"": ""検索"", ""住所"": ""熊本県熊本市中央区大江本町5-1"", ""市町村"": ""熊本市"", ""混雑状況"": ""不明"", ""避難所名"": ""熊本大学大江体育館"", ""開設状況"": ""開設""}",unmatched,no_candidate,,0,,,,,,,,,,,[],,[],[],reference/43000_1.csv,dd6686fa000c3e720180ba96d02aacff987aec1bba3c9bc69a5867fc0089d10d
2026-07-30,2026-07-30T00:11:18+09:00,26/07/30 00:11時点の避難所状況の一覧です。,2026-07-30T00:11+09:00,web:e1a7830548efc400ddea,e1a7830548efc400ddea,熊本市,熊本大学本荘体育館,開設,true,不明,,熊本県熊本市中央区九品寺4丁目24番1号,検索,unchanged,開設,不明,,https://portal.bousai.pref.kumamoto.jp/sp.html?p=evacuation%2Fshelter&l=14-0&ll=32.63819999999999%2C130.77610000000004&z=9&municipalityCd=430005,695f83a3a99a3cd99d97a541b41d9cfd3f88052b7a865026ac1ebac29fc31fb6,"{""ルート検索"": ""検索"", ""住所"": ""熊本県熊本市中央区九品寺4丁目24番1号"", ""市町村"": ""熊本市"", ""混雑状況"": ""不明"", ""避難所名"": ""熊本大学本荘体育館"", ""開設状況"": ""開設""}",unmatched,no_candidate,,0,,,,,,,,,,,[],,[],[],reference/43000_1.csv,dd6686fa000c3e720180ba96d02aacff987aec1bba3c9bc69a5867fc0089d10d
2026-07-30,2026-07-30T00:11:18+09:00,26/07/30 00:11時点の避難所状況の一覧です。,2026-07-30T00:11+09:00,web:94a671499e0adc80a9c5,94a671499e0adc80a9c5,熊本市,熊本学園大学,開設,true,不明,,熊本県熊本市中央区大江2丁目5-1,検索,unchanged,開設,不明,,https://portal.bousai.pref.kumamoto.jp/sp.html?p=evacuation%2Fshelter&l=14-0&ll=32.63819999999999%2C130.77610000000004&z=9&municipalityCd=430005,0d8d2ee67896a13994b68831f0fd241ad11be6034210ab649b934fdc42c79d31,"{""ルート検索"": ""検索"", ""住所"": ""熊本県熊本市中央区大江2丁目5-1"", ""市町村"": ""熊本市"", ""混雑状況"": ""不明"", ""避難所名"": ""熊本学園大学"", ""開設状況"": ""開設""}",unmatched,no_candidate,,0,,,,,,,,,,,[],,[],[],reference/43000_1.csv,dd6686fa000c3e720180ba96d02aacff987aec1bba3c9bc69a5867fc0089d10d
2026-07-30,2026-07-30T00:11:18+09:00,26/07/30 00:11時点の避難所状況の一覧です。,2026-07-30T00:11+09:00,web:d54cb7159e4318be2070,d54cb7159e4318be2070,熊本市,熊本工業高校,開設,true,不明,,熊本県熊本市中央区上京塚町5-1,検索,unchanged,開設,不明,,https://portal.bousai.pref.kumamoto.jp/sp.html?p=evacuation%2Fshelter&l=14-0&ll=32.63819999999999%2C130.77610000000004&z=9&municipalityCd=430005,079667ec1b0ac12a512898861e95be90cbca5c764e571aa96b84745a93e324bc,"{""ルート検索"": ""検索"", ""住所"": ""熊本県熊本市中央区上京塚町5-1"", ""市町村"": ""熊本市"", ""混雑状況"": ""不明"", ""避難所名"": ""熊本工業高校"", ""開設状況"": ""開設""}",unmatched,no_candidate,,0,,,,,,,,,,,[],,[],[],reference/43000_1.csv,dd6686fa000c3e720180ba96d02aacff987aec1bba3c9bc69a5867fc0089d10d
2026-07-30,2026-07-30T00:11:18+09:00,26/07/30 00:11時点の避難所状況の一覧です。,2026-07-30T00:11+09:00,ref:E4310000065111,7d8076d1ef870767d0bf,熊本市,熊本市総合体育館・青年会館,開設,true,不明,,熊本県熊本市中央区出水2丁目7-1,検索,unchanged,開設,不明,,https://portal.bousai.pref.kumamoto.jp/sp.html?p=evacuation%2Fshelter&l=14-0&ll=32.63819999999999%2C130.77610000000004&z=9&municipalityCd=430005,029db0557f57d29f52857631d98dda20c106687d6250cd04e55703226dabf15f,"{""ルート検索"": ""検索"", ""住所"": ""熊本県熊本市中央区出水2丁目7-1"", ""市町村"": ""熊本市"", ""混雑状況"": ""不明"", ""避難所名"": ""熊本市総合体育館・青年会館"", ""開設状況"": ""開設""}",matched,exact_name_municipality,0.990,1,427,E4310000065111,E4310000065111,熊本市総合体育館・青年会館,熊本県熊本市中央区出水2-7-1,1,,,32.785117,130.736607,"[{""共通ID"": ""E4310000065111"", ""経度"": ""130.736607"", ""緯度"": ""32.785117""}]",,"[{""NO"": ""427"", ""その他市町村長が必要と認める事項"": """", ""住所"": ""熊本県熊本市中央区出水2-7-1"", ""備考"": """", ""共通ID"": ""E4310000065111"", ""受入対象者"": """", ""指定緊急避難場所との住所同一"": ""1"", ""施設・場所名"": ""熊本市総合体育館・青年会館"", ""経度"": ""130.736607"", ""緯度"": ""32.785117""}]",[],reference/43000_1.csv,dd6686fa000c3e720180ba96d02aacff987aec1bba3c9bc69a5867fc0089d10d
2026-07-30,2026-07-30T00:11:18+09:00,26/07/30 00:11時点の避難所状況の一覧です。,2026-07-30T00:11+09:00,web:d0c8a16c421a63c43297,d0c8a16c421a63c43297,熊本市,熊本武道館,開設,true,不明,,熊本県熊本市中央区水前寺5丁目23ー2,検索,unchanged,開設,不明,,https://portal.bousai.pref.kumamoto.jp/sp.html?p=evacuation%2Fshelter&l=14-0&ll=32.63819999999999%2C130.77610000000004&z=9&municipalityCd=430005,ff96987c2be24dd8268964f76d1e53cef0699dea3d8fb9303ff829587adee209,"{""ルート検索"": ""検索"", ""住所"": ""熊本県熊本市中央区水前寺5丁目23ー2"", ""市町村"": ""熊本市"", ""混雑状況"": ""不明"", ""避難所名"": ""熊本武道館"", ""開設状況"": ""開設""}",unmatched,no_candidate,,0,,,,,,,,,,,[],,[],[],reference/43000_1.csv,dd6686fa000c3e720180ba96d02aacff987aec1bba3c9bc69a5867fc0089d10d
2026-07-30,2026-07-30T00:11:18+09:00,26/07/30 00:11時点の避難所状況の一覧です。,2026-07-30T00:11+09:00,web:7d8be1d34b09c1571fcf,7d8be1d34b09c1571fcf,熊本市,熊本県立総合体育館,開設,true,不明,,熊本県熊本市西区上熊本1丁目9-28,検索,unchanged,開設,不明,,https://portal.bousai.pref.kumamoto.jp/sp.html?p=evacuation%2Fshelter&l=14-0&ll=32.63819999999999%2C130.77610000000004&z=9&municipalityCd=430005,c10d5e934619ba92a3b85b047ebd6675ee6a52cf2be2b585d3d9176789902afd,"{""ルート検索"": ""検索"", ""住所"": ""熊本県熊本市西区上熊本1丁目9-28"", ""市町村"": ""熊本市"", ""混雑状況"": ""不明"", ""避難所名"": ""熊本県立総合体育館"", ""開設状況"": ""開設""}",unmatched,no_candidate,,0,,,,,,,,,,,[],,[],[],reference/43000_1.csv,dd6686fa000c3e720180ba96d02aacff987aec1bba3c9bc69a5867fc0089d10d
2026-07-30,2026-07-30T00:11:18+09:00,26/07/30 00:11時点の避難所状況の一覧です。,2026-07-30T00:11+09:00,web:26e35ed650bd8fb7ebc9,26e35ed650bd8fb7ebc9,熊本市,熊本駅周辺帰宅困難者対策本部,開設,true,不明,,熊本市西区春日2丁目10-1,検索,unchanged,開設,不明,,https://portal.bousai.pref.kumamoto.jp/sp.html?p=evacuation%2Fshelter&l=14-0&ll=32.63819999999999%2C130.77610000000004&z=9&municipalityCd=430005,764e3ad7e5a2d3516685c181ccce15d3688d62c4deb09df33f2f157531ff5da8,"{""ルート検索"": ""検索"", ""住所"": ""熊本市西区春日2丁目10-1"", ""市町村"": ""熊本市"", ""混雑状況"": ""不明"", ""避難所名"": ""熊本駅周辺帰宅困難者対策本部"", ""開設状況"": ""開設""}",unmatched,no_candidate,,0,,,,,,,,,,,[],,[],[],reference/43000_1.csv,dd6686fa000c3e720180ba96d02aacff987aec1bba3c9bc69a5867fc0089d10d
2026-07-30,2026-07-30T00:11:18+09:00,26/07/30 00:11時点の避難所状況の一覧です。,2026-07-30T00:11+09:00,ref:E4310000118111,4d1ac751a9b67d9aadb0,熊本市,環境総合センター,開設,true,不明,,熊本県熊本市東区画図町所島404-1,検索,unchanged,開設,不明,,https://portal.bousai.pref.kumamoto.jp/sp.html?p=evacuation%2Fshelter&l=14-0&ll=32.63819999999999%2C130.77610000000004&z=9&municipalityCd=430005,45ab22c67430f003d9f1becdc638e1507661bdabea876b212557fcb6a375a90c,"{""ルート検索"": ""検索"", ""住所"": ""熊本県熊本市東区画図町所島404-1"", ""市町村"": ""熊本市"", ""混雑状況"": ""不明"", ""避難所名"": ""環境総合センター"", ""開設状況"": ""開設""}",matched,exact_name_address,1.000,1,456,E4310000118111,E4310000118111,環境総合センター,熊本県熊本市東区画図町所島404-1,1,,,32.76411077,130.7344769,"[{""共通ID"": ""E4310000118111"", ""経度"": ""130.7344769"", ""緯度"": ""32.76411077""}]",,"[{""NO"": ""456"", ""その他市町村長が必要と認める事項"": """", ""住所"": ""熊本県熊本市東区画図町所島404-1"", ""備考"": """", ""共通ID"": ""E4310000118111"", ""受入対象者"": """", ""指定緊急避難場所との住所同一"": ""1"", ""施設・場所名"": ""環境総合センター"", ""経度"": ""130.7344769"", ""緯度"": ""32.76411077""}]",[],reference/43000_1.csv,dd6686fa000c3e720180ba96d02aacff987aec1bba3c9bc69a5867fc0089d10d
2026-07-30,2026-07-30T00:11:18+09:00,26/07/30 00:11時点の避難所状況の一覧です。,2026-07-30T00:11+09:00,ref:E4310000115111,1cd1f5b319e981297d6d,熊本市,画図小学校,開設,true,不明,,熊本県熊本市東区下江津8丁目1-6,検索,unchanged,開設,不明,,https://portal.bousai.pref.kumamoto.jp/sp.html?p=evacuation%2Fshelter&l=14-0&ll=32.63819999999999%2C130.77610000000004&z=9&municipalityCd=430005,98f2b18801118675eb2f6855002aa4a3b27a351ff31530ec6e257e0f1e933d2a,"{""ルート検索"": ""検索"", ""住所"": ""熊本県熊本市東区下江津8丁目1-6"", ""市町村"": ""熊本市"", ""混雑状況"": ""不明"", ""避難所名"": ""画図小学校"", ""開設状況"": ""開設""}",matched,exact_name_municipality,0.990,1,453,E4310000115111,E4310000115111,画図小学校,熊本県熊本市東区下江津8-1-6,1,,,32.767193,130.739992,"[{""共通ID"": ""E4310000115111"", ""経度"": ""130.739992"", ""緯度"": ""32.767193""}]",,"[{""NO"": ""453"", ""その他市町村長が必要と認める事項"": """", ""住所"": ""熊本県熊本市東区下江津8-1-6"", ""備考"": """", ""共通ID"": ""E4310000115111"", ""受入対象者"": """", ""指定緊急避難場所との住所同一"": ""1"", ""施設・場所名"": ""画図小学校"", ""経度"": ""130.739992"", ""緯度"": ""32.767193""}]",[],reference/43000_1.csv,dd6686fa000c3e720180ba96d02aacff987aec1bba3c9bc69a5867fc0089d10d
2026-07-30,2026-07-30T00:11:18+09:00,26/07/30 00:11時点の避難所状況の一覧です。,2026-07-30T00:11+09:00,ref:E4310000080111,6f17a225816bb897fed8,熊本市,白山小学校,開設,true,不明,,熊本県熊本市中央区菅原町9-1,検索,unchanged,開設,不明,,https://portal.bousai.pref.kumamoto.jp/sp.html?p=evacuation%2Fshelter&l=14-0&ll=32.63819999999999%2C130.77610000000004&z=9&municipalityCd=430005,149b65104a9071970bf6fa978eb9dfdd4da6099242392f6cb23dcf59715c9b3b,"{""ルート検索"": ""検索"", ""住所"": ""熊本県熊本市中央区菅原町9-1"", ""市町村"": ""熊本市"", ""混雑状況"": ""不明"", ""避難所名"": ""白山小学校"", ""開設状況"": ""開設""}",matched,exact_name_address,1.000,1,435,E4310000080111,E4310000080111,白山小学校,熊本県熊本市中央区菅原町9-1,1,,,32.790061,130.719695,"[{""共通ID"": ""E4310000080111"", ""経度"": ""130.719695"", ""緯度"": ""32.790061""}]",,"[{""NO"": ""435"", ""その他市町村長が必要と認める事項"": """", ""住所"": ""熊本県熊本市中央区菅原町9-1"", ""備考"": """", ""共通ID"": ""E4310000080111"", ""受入対象者"": """", ""指定緊急避難場所との住所同一"": ""1"", ""施設・場所名"": ""白山小学校"", ""経度"": ""130.719695"", ""緯度"": ""32.790061""}]",[],reference/43000_1.csv,dd6686fa000c3e720180ba96d02aacff987aec1bba3c9bc69a5867fc0089d10d
2026-07-30,2026-07-30T00:11:18+09:00,26/07/30 00:11時点の避難所状況の一覧です。,2026-07-30T00:11+09:00,ref:E4310000091111,12c6ea3d31846ca0dc0f,熊本市,白川中学校,開設,true,不明,,熊本県熊本市中央区大江3丁目1-12,検索,unchanged,開設,不明,,https://portal.bousai.pref.kumamoto.jp/sp.html?p=evacuation%2Fshelter&l=14-0&ll=32.63819999999999%2C130.77610000000004&z=9&municipalityCd=430005,b60d2e36189b34f117bc551f57e2c33617aa50c7bb84a5a8171ac0ec62de31e4,"{""ルート検索"": ""検索"", ""住所"": ""熊本県熊本市中央区大江3丁目1-12"", ""市町村"": ""熊本市"", ""混雑状況"": ""不明"", ""避難所名"": ""白川中学校"", ""開設状況"": ""開設""}",matched,exact_name_municipality,0.990,1,442,E4310000091111,E4310000091111,白川中学校,熊本県熊本市中央区大江3-1-12,1,,,32.80339,130.722104,"[{""共通ID"": ""E4310000091111"", ""経度"": ""130.722104"", ""緯度"": ""32.80339""}]",,"[{""NO"": ""442"", ""その他市町村長が必要と認める事項"": """", ""住所"": ""熊本県熊本市中央区大江3-1-12"", ""備考"": """", ""共通ID"": ""E4310000091111"", ""受入対象者"": """", ""指定緊急避難場所との住所同一"": ""1"", ""施設・場所名"": ""白川中学校"", ""経度"": ""130.722104"", ""緯度"": ""32.80339""}]",[],reference/43000_1.csv,dd6686fa000c3e720180ba96d02aacff987aec1bba3c9bc69a5867fc0089d10d
2026-07-30,2026-07-30T00:11:18+09:00,26/07/30 00:11時点の避難所状況の一覧です。,2026-07-30T00:11+09:00,ref:E4310000072111,0490fc2f5c5634e0250b,熊本市,白川小学校,開設,true,不明,,熊本県熊本市中央区新屋敷1丁目7-13,検索,unchanged,開設,不明,,https://portal.bousai.pref.kumamoto.jp/sp.html?p=evacuation%2Fshelter&l=14-0&ll=32.63819999999999%2C130.77610000000004&z=9&municipalityCd=430005,b93f6e9c6a697c1191d938575888c6bc6673db02006ac5269c42838dd730f11b,"{""ルート検索"": ""検索"", ""住所"": ""熊本県熊本市中央区新屋敷1丁目7-13"", ""市町村"": ""熊本市"", ""混雑状況"": ""不明"", ""避難所名"": ""白川小学校"", ""開設状況"": ""開設""}",matched,exact_name_municipality,0.990,1,431,E4310000072111,E4310000072111,白川小学校,熊本県熊本市中央区新屋敷1-7-13,1,,,32.802677,130.716847,"[{""共通ID"": ""E4310000072111"", ""経度"": ""130.716847"", ""緯度"": ""32.802677""}]",,"[{""NO"": ""431"", ""その他市町村長が必要と認める事項"": """", ""住所"": ""熊本県熊本市中央区新屋敷1-7-13"", ""備考"": """", ""共通ID"": ""E4310000072111"", ""受入対象者"": """", ""指定緊急避難場所との住所同一"": ""1"", ""施設・場所名"": ""白川小学校"", ""経度"": ""130.716847"", ""緯度"": ""32.802677""}]",[],reference/43000_1.csv,dd6686fa000c3e720180ba96d02aacff987aec1bba3c9bc69a5867fc0089d10d
2026-07-30,2026-07-30T00:11:18+09:00,26/07/30 00:11時点の避難所状況の一覧です。,2026-07-30T00:11+09:00,ref:E4310000075111,e163b902949be5292c98,熊本市,砂取小学校,開設,true,不明,,熊本県熊本市中央区神水1丁目1-1,検索,unchanged,開設,不明,,https://portal.bousai.pref.kumamoto.jp/sp.html?p=evacuation%2Fshelter&l=14-0&ll=32.63819999999999%2C130.77610000000004&z=9&municipalityCd=430005,a3a1972a5ef08ef4b89f4eed16be029c1591454e9c46ecc8ba4c88f18a6bbbb2,"{""ルート検索"": ""検索"", ""住所"": ""熊本県熊本市中央区神水1丁目1-1"", ""市町村"": ""熊本市"", ""混雑状況"": ""不明"", ""避難所名"": ""砂取小学校"", ""開設状況"": ""開設""}",matched,exact_name_municipality,0.990,1,433,E4310000075111,E4310000075111,砂取小学校,熊本県熊本市中央区神水1-1-1,1,,,32.787241,130.738785,"[{""共通ID"": ""E4310000075111"", ""経度"": ""130.738785"", ""緯度"": ""32.787241""}]",,"[{""NO"": ""433"", ""その他市町村長が必要と認める事項"": """", ""住所"": ""熊本県熊本市中央区神水1-1-1"", ""備考"": """", ""共通ID"": ""E4310000075111"", ""受入対象者"": """", ""指定緊急避難場所との住所同一"": ""1"", ""施設・場所名"": ""砂取小学校"", ""経度"": ""130.738785"", ""緯度"": ""32.787241""}]",[],reference/43000_1.csv,dd6686fa000c3e720180ba96d02aacff987aec1bba3c9bc69a5867fc0089d10d
2026-07-30,2026-07-30T00:11:18+09:00,26/07/30 00:11時点の避難所状況の一覧です。,2026-07-30T00:11+09:00,ref:E4310000047111,d36d22f47ed49b8f2ae0,熊本市,碩台小学校,開設,true,不明,,熊本県熊本市中央区井川淵町4-8,検索,unchanged,開設,不明,,https://portal.bousai.pref.kumamoto.jp/sp.html?p=evacuation%2Fshelter&l=14-0&ll=32.63819999999999%2C130.77610000000004&z=9&municipalityCd=430005,d9b0402a5afdb765168edef784e712085be360ef81de78f8c399bbf903171ee1,"{""ルート検索"": ""検索"", ""住所"": ""熊本県熊本市中央区井川淵町4-8"", ""市町村"": ""熊本市"", ""混雑状況"": ""不明"", ""避難所名"": ""碩台小学校"", ""開設状況"": ""開設""}",matched,exact_name_address,1.000,1,415,E4310000047111,E4310000047111,碩台小学校,熊本県熊本市中央区井川淵町4-8,1,,,32.809114,130.718431,"[{""共通ID"": ""E4310000047111"", ""経度"": ""130.718431"", ""緯度"": ""32.809114""}]",,"[{""NO"": ""415"", ""その他市町村長が必要と認める事項"": """", ""住所"": ""熊本県熊本市中央区井川淵町4-8"", ""備考"": """", ""共通ID"": ""E4310000047111"", ""受入対象者"": """", ""指定緊急避難場所との住所同一"": ""1"", ""施設・場所名"": ""碩台小学校"", ""経度"": ""130.718431"", ""緯度"": ""32.809114""}]",[],reference/43000_1.csv,dd6686fa000c3e720180ba96d02aacff987aec1bba3c9bc69a5867fc0089d10d
2026-07-30,2026-07-30T00:11:18+09:00,26/07/30 00:11時点の避難所状況の一覧です。,2026-07-30T00:11+09:00,ref:E4310000141111,da6d9f315471071a3f0c,熊本市,秋津まちづくりセンター・公民館,開設,true,不明,,熊本県熊本市東区秋津3丁目15-1,検索,unchanged,開設,不明,,https://portal.bousai.pref.kumamoto.jp/sp.html?p=evacuation%2Fshelter&l=14-0&ll=32.63819999999999%2C130.77610000000004&z=9&municipalityCd=430005,16bad04c9bc8916c577b2a9e1bbc3ef92c1664a185848a923393a383f09dfdbb,"{""ルート検索"": ""検索"", ""住所"": ""熊本県熊本市東区秋津3丁目15-1"", ""市町村"": ""熊本市"", ""混雑状況"": ""不明"", ""避難所名"": ""秋津まちづくりセンター・公民館"", ""開設状況"": ""開設""}",matched,exact_name_municipality,0.990,1,472,E4310000141111,E4310000141111,秋津まちづくりセンター・公民館,熊本県熊本市東区秋津3-15-1,1,,,32.771161,130.773298,"[{""共通ID"": ""E4310000141111"", ""経度"": ""130.773298"", ""緯度"": ""32.771161""}]",,"[{""NO"": ""472"", ""その他市町村長が必要と認める事項"": """", ""住所"": ""熊本県熊本市東区秋津3-15-1"", ""備考"": """", ""共通ID"": ""E4310000141111"", ""受入対象者"": """", ""指定緊急避難場所との住所同一"": ""1"", ""施設・場所名"": ""秋津まちづくりセンター・公民館"", ""経度"": ""130.773298"", ""緯度"": ""32.771161""}]",[],reference/43000_1.csv,dd6686fa000c3e720180ba96d02aacff987aec1bba3c9bc69a5867fc0089d10d
2026-07-30,2026-07-30T00:11:18+09:00,26/07/30 00:11時点の避難所状況の一覧です。,2026-07-30T00:11+09:00,ref:E4310000101111,6563ea2f113e5a0b3366,熊本市,竜南中学校,開設,true,不明,,熊本県熊本市中央区坪井4丁目16-1,検索,unchanged,開設,不明,,https://portal.bousai.pref.kumamoto.jp/sp.html?p=evacuation%2Fshelter&l=14-0&ll=32.63819999999999%2C130.77610000000004&z=9&municipalityCd=430005,3c738aa4e8bfc1ea6b49cc1bea559e2a5ee48d6b99efbeca9a0467e018b6f5ce,"{""ルート検索"": ""検索"", ""住所"": ""熊本県熊本市中央区坪井4丁目16-1"", ""市町村"": ""熊本市"", ""混雑状況"": ""不明"", ""避難所名"": ""竜南中学校"", ""開設状況"": ""開設""}",matched,exact_name_municipality,0.990,1,446,E4310000101111,E4310000101111,竜南中学校,熊本県熊本市中央区坪井4-16-1,1,,,32.817869,130.715085,"[{""共通ID"": ""E4310000101111"", ""経度"": ""130.715085"", ""緯度"": ""32.817869""}]",,"[{""NO"": ""446"", ""その他市町村長が必要と認める事項"": """", ""住所"": ""熊本県熊本市中央区坪井4-16-1"", ""備考"": """", ""共通ID"": ""E4310000101111"", ""受入対象者"": """", ""指定緊急避難場所との住所同一"": ""1"", ""施設・場所名"": ""竜南中学校"", ""経度"": ""130.715085"", ""緯度"": ""32.817869""}]",[],reference/43000_1.csv,dd6686fa000c3e720180ba96d02aacff987aec1bba3c9bc69a5867fc0089d10d
2026-07-30,2026-07-30T00:11:18+09:00,26/07/30 00:11時点の避難所状況の一覧です。,2026-07-30T00:11+09:00,ref:E4310000007111,67fc949ae042e487b9d1,熊本市,芳野小学校,開設,true,不明,,熊本県熊本市西区河内町野出1419,検索,unchanged,開設,不明,,https://portal.bousai.pref.kumamoto.jp/sp.html?p=evacuation%2Fshelter&l=14-0&ll=32.63819999999999%2C130.77610000000004&z=9&municipalityCd=430005,5b2d9fdfa9291e471eab8efb2e60207bf31893dc5e633630a5fb6547ffd02630,"{""ルート検索"": ""検索"", ""住所"": ""熊本県熊本市西区河内町野出1419"", ""市町村"": ""熊本市"", ""混雑状況"": ""不明"", ""避難所名"": ""芳野小学校"", ""開設状況"": ""開設""}",matched,exact_name_address,1.000,1,390,E4310000007111,E4310000007111,芳野小学校,熊本県熊本市西区河内町野出1419,1,,,32.842398,130.642815,"[{""共通ID"": ""E4310000007111"", ""経度"": ""130.642815"", ""緯度"": ""32.842398""}]",,"[{""NO"": ""390"", ""その他市町村長が必要と認める事項"": """", ""住所"": ""熊本県熊本市西区河内町野出1419"", ""備考"": """", ""共通ID"": ""E4310000007111"", ""受入対象者"": """", ""指定緊急避難場所との住所同一"": ""1"", ""施設・場所名"": ""芳野小学校"", ""経度"": ""130.642815"", ""緯度"": ""32.842398""}]",[],reference/43000_1.csv,dd6686fa000c3e720180ba96d02aacff987aec1bba3c9bc69a5867fc0089d10d
2026-07-30,2026-07-30T00:11:18+09:00,26/07/30 00:11時点の避難所状況の一覧です。,2026-07-30T00:11+09:00,ref:E4310000082111,8656effb3c73f31f40aa,熊本市,藤園中学校,開設,true,不明,,熊本県熊本市中央区千葉城町5-2,検索,unchanged,開設,不明,,https://portal.bousai.pref.kumamoto.jp/sp.html?p=evacuation%2Fshelter&l=14-0&ll=32.63819999999999%2C130.77610000000004&z=9&municipalityCd=430005,b33e67be859c11c49479fe750ce4e7cfd83bb18c05a90095090e043aa2b389e1,"{""ルート検索"": ""検索"", ""住所"": ""熊本県熊本市中央区千葉城町5-2"", ""市町村"": ""熊本市"", ""混雑状況"": ""不明"", ""避難所名"": ""藤園中学校"", ""開設状況"": ""開設""}",matched,exact_name_address,1.000,1,437,E4310000082111,E4310000082111,藤園中学校,熊本県熊本市中央区千葉城町5-2,1,,,32.808708,130.708212,"[{""共通ID"": ""E4310000082111"", ""経度"": ""130.708212"", ""緯度"": ""32.808708""}]",,"[{""NO"": ""437"", ""その他市町村長が必要と認める事項"": """", ""住所"": ""熊本県熊本市中央区千葉城町5-2"", ""備考"": """", ""共通ID"": ""E4310000082111"", ""受入対象者"": """", ""指定緊急避難場所との住所同一"": ""1"", ""施設・場所名"": ""藤園中学校"", ""経度"": ""130.708212"", ""緯度"": ""32.808708""}]",[],reference/43000_1.csv,dd6686fa000c3e720180ba96d02aacff987aec1bba3c9bc69a5867fc0089d10d
2026-07-30,2026-07-30T00:11:18+09:00,26/07/30 00:11時点の避難所状況の一覧です。,2026-07-30T00:11+09:00,ref:E4310000104111,80940610ea9d94d0c8e9,熊本市,託麻原小学校,開設,true,不明,,熊本県熊本市中央区渡鹿2丁目3-1,検索,unchanged,開設,不明,,https://portal.bousai.pref.kumamoto.jp/sp.html?p=evacuation%2Fshelter&l=14-0&ll=32.63819999999999%2C130.77610000000004&z=9&municipalityCd=430005,c498bcb8a1d752b47118a018c49a74c20c705e78f3b1b8717707055995484a50,"{""ルート検索"": ""検索"", ""住所"": ""熊本県熊本市中央区渡鹿2丁目3-1"", ""市町村"": ""熊本市"", ""混雑状況"": ""不明"", ""避難所名"": ""託麻原小学校"", ""開設状況"": ""開設""}",matched,exact_name_municipality,0.990,1,447,E4310000104111,E4310000104111,託麻原小学校,熊本県熊本市中央区渡鹿2-3-1,1,,,32.803944,130.735808,"[{""共通ID"": ""E4310000104111"", ""経度"": ""130.735808"", ""緯度"": ""32.803944""}]",,"[{""NO"": ""447"", ""その他市町村長が必要と認める事項"": """", ""住所"": ""熊本県熊本市中央区渡鹿2-3-1"", ""備考"": """", ""共通ID"": ""E4310000104111"", ""受入対象者"": """", ""指定緊急避難場所との住所同一"": ""1"", ""施設・場所名"": ""託麻原小学校"", ""経度"": ""130.735808"", ""緯度"": ""32.803944""}]",[],reference/43000_1.csv,dd6686fa000c3e720180ba96d02aacff987aec1bba3c9bc69a5867fc0089d10d
2026-07-30,2026-07-30T00:11:18+09:00,26/07/30 00:11時点の避難所状況の一覧です。,2026-07-30T00:11+09:00,web:d5a14b498c66f011dfe0,d5a14b498c66f011dfe0,熊本市,錦ヶ丘中学校,開設,true,不明,,熊本県熊本市東区錦ヶ丘22-1,検索,unchanged,開設,不明,,https://portal.bousai.pref.kumamoto.jp/sp.html?p=evacuation%2Fshelter&l=14-0&ll=32.63819999999999%2C130.77610000000004&z=9&municipalityCd=430005,bb7911e0a16891696723c2674abb3426d47dcddf4a5257de88999c5b9526bd40,"{""ルート検索"": ""検索"", ""住所"": ""熊本県熊本市東区錦ヶ丘22-1"", ""市町村"": ""熊本市"", ""混雑状況"": ""不明"", ""避難所名"": ""錦ヶ丘中学校"", ""開設状況"": ""開設""}",unmatched,fuzzy_below_threshold,0.848,0,,,,,,,,,,,[],,[],"[{""NO"": ""458"", ""その他市町村長が必要と認める事項"": """", ""住所"": ""熊本県熊本市東区錦ケ丘22-1"", ""備考"": """", ""共通ID"": ""E4310000121111"", ""受入対象者"": """", ""指定緊急避難場所との住所同一"": ""1"", ""施設・場所名"": ""錦ケ丘中学校"", ""経度"": ""130.75707795504"", ""緯度"": ""32.790850283483""}]",reference/43000_1.csv,dd6686fa000c3e720180ba96d02aacff987aec1bba3c9bc69a5867fc0089d10d
2026-07-30,2026-07-30T00:11:18+09:00,26/07/30 00:11時点の避難所状況の一覧です。,2026-07-30T00:11+09:00,ref:E4310000057111,c0616a0ae0ae1448495b,熊本市,黒髪小学校,開設,true,不明,,熊本県熊本市中央区黒髪2丁目2-1,検索,unchanged,開設,不明,,https://portal.bousai.pref.kumamoto.jp/sp.html?p=evacuation%2Fshelter&l=14-0&ll=32.63819999999999%2C130.77610000000004&z=9&municipalityCd=430005,89d398602196c3a0e7de01c95fd776abeea776c2507bd5d32d4476f86b1a8aa6,"{""ルート検索"": ""検索"", ""住所"": ""熊本県熊本市中央区黒髪2丁目2-1"", ""市町村"": ""熊本市"", ""混雑状況"": ""不明"", ""避難所名"": ""黒髪小学校"", ""開設状況"": ""開設""}",matched,exact_name_municipality,0.990,1,419,E4310000057111,E4310000057111,黒髪小学校,熊本県熊本市中央区黒髪2-2-1,1,,,32.814575,130.720253,"[{""共通ID"": ""E4310000057111"", ""経度"": ""130.720253"", ""緯度"": ""32.814575""}]",,"[{""NO"": ""419"", ""その他市町村長が必要と認める事項"": """", ""住所"": ""熊本県熊本市中央区黒髪2-2-1"", ""備考"": """", ""共通ID"": ""E4310000057111"", ""受入対象者"": """", ""指定緊急避難場所との住所同一"": ""1"", ""施設・場所名"": ""黒髪小学校"", ""経度"": ""130.720253"", ""緯度"": ""32.814575""}]",[],reference/43000_1.csv,dd6686fa000c3e720180ba96d02aacff987aec1bba3c9bc69a5867fc0089d10d
