municipality,source_observed_at_jst,source_observed_date,retrieved_at_jst,source_shelter_name,source_address,evacuee_count,shelter_id,match_status,match_method,match_score,source_format,source_page_url,source_document_url,raw_sha256,normalized_sha256,revision
八代市,2026-10-06T06:00+09:00,2026-10-06,2026-10-06T11:56:27+09:00,代陽コミュニティセンター,,18,web:78670aceb0f1a33db766,matched,exact_name_web_master_quality_without_source_address,0.950,pdf,https://www.city.yatsushiro.lg.jp/kiji00326798/index.html,https://www.city.yatsushiro.lg.jp/kiji00326798/3_26798_160856_up_ro1qe0k8.pdf,08b216e0908779e79968b3994e1b98286bf306cb469862f7aab1cfa3d402314b,69b40127b40075486722d7abb01eeaedd90b1472bce3b22ffd7450a4457f3462,1
八代市,2026-10-06T06:00+09:00,2026-10-06,2026-10-06T11:56:27+09:00,桜十字ホールやつしろ(ハーモニーホール),,75,web:0676faa1e5af3ec3f622,matched,manual_alias,1.000,pdf,https://www.city.yatsushiro.lg.jp/kiji00326798/index.html,https://www.city.yatsushiro.lg.jp/kiji00326798/3_26798_160856_up_ro1qe0k8.pdf,08b216e0908779e79968b3994e1b98286bf306cb469862f7aab1cfa3d402314b,69b40127b40075486722d7abb01eeaedd90b1472bce3b22ffd7450a4457f3462,1
八代市,2026-10-06T06:00+09:00,2026-10-06,2026-10-06T11:56:27+09:00,八代トヨオカ地建アリーナ(総合体育館),,170,ref:E4320200119111,matched,exact_normalized_name_without_source_address,0.970,pdf,https://www.city.yatsushiro.lg.jp/kiji00326798/index.html,https://www.city.yatsushiro.lg.jp/kiji00326798/3_26798_160856_up_ro1qe0k8.pdf,08b216e0908779e79968b3994e1b98286bf306cb469862f7aab1cfa3d402314b,69b40127b40075486722d7abb01eeaedd90b1472bce3b22ffd7450a4457f3462,1
八代市,2026-10-06T06:00+09:00,2026-10-06,2026-10-06T11:56:27+09:00,太田郷コミュニティセンター,,40,web:c29df28aaca34a945e9a,matched,exact_normalized_name_without_source_address,0.970,pdf,https://www.city.yatsushiro.lg.jp/kiji00326798/index.html,https://www.city.yatsushiro.lg.jp/kiji00326798/3_26798_160856_up_ro1qe0k8.pdf,08b216e0908779e79968b3994e1b98286bf306cb469862f7aab1cfa3d402314b,69b40127b40075486722d7abb01eeaedd90b1472bce3b22ffd7450a4457f3462,1
八代市,2026-10-06T06:00+09:00,2026-10-06,2026-10-06T11:56:27+09:00,第二中学校,,66,web:6ffd1b1e85b2aafface8,matched,exact_name_web_master_quality_without_source_address,0.950,pdf,https://www.city.yatsushiro.lg.jp/kiji00326798/index.html,https://www.city.yatsushiro.lg.jp/kiji00326798/3_26798_160856_up_ro1qe0k8.pdf,08b216e0908779e79968b3994e1b98286bf306cb469862f7aab1cfa3d402314b,69b40127b40075486722d7abb01eeaedd90b1472bce3b22ffd7450a4457f3462,1
八代市,2026-10-06T06:00+09:00,2026-10-06,2026-10-06T11:56:27+09:00,太田郷小学校,,42,web:04a1d693386241a40f79,matched,exact_name_web_master_quality_without_source_address,0.950,pdf,https://www.city.yatsushiro.lg.jp/kiji00326798/index.html,https://www.city.yatsushiro.lg.jp/kiji00326798/3_26798_160856_up_ro1qe0k8.pdf,08b216e0908779e79968b3994e1b98286bf306cb469862f7aab1cfa3d402314b,69b40127b40075486722d7abb01eeaedd90b1472bce3b22ffd7450a4457f3462,1
八代市,2026-10-06T06:00+09:00,2026-10-06,2026-10-06T11:56:27+09:00,麦島コミュニティセンター,,52,ref:E4320200033111,matched,exact_normalized_name_without_source_address,0.970,pdf,https://www.city.yatsushiro.lg.jp/kiji00326798/index.html,https://www.city.yatsushiro.lg.jp/kiji00326798/3_26798_160856_up_ro1qe0k8.pdf,08b216e0908779e79968b3994e1b98286bf306cb469862f7aab1cfa3d402314b,69b40127b40075486722d7abb01eeaedd90b1472bce3b22ffd7450a4457f3462,1
八代市,2026-10-06T06:00+09:00,2026-10-06,2026-10-06T11:56:27+09:00,八千把コミュニティセンター,,20,ref:E4320200059111,matched,exact_normalized_name_without_source_address,0.970,pdf,https://www.city.yatsushiro.lg.jp/kiji00326798/index.html,https://www.city.yatsushiro.lg.jp/kiji00326798/3_26798_160856_up_ro1qe0k8.pdf,08b216e0908779e79968b3994e1b98286bf306cb469862f7aab1cfa3d402314b,69b40127b40075486722d7abb01eeaedd90b1472bce3b22ffd7450a4457f3462,1
八代市,2026-10-06T06:00+09:00,2026-10-06,2026-10-06T11:56:27+09:00,日奈久コミュニティセンター,,23,ref:E4320200106111,matched,exact_normalized_name_without_source_address,0.970,pdf,https://www.city.yatsushiro.lg.jp/kiji00326798/index.html,https://www.city.yatsushiro.lg.jp/kiji00326798/3_26798_160856_up_ro1qe0k8.pdf,08b216e0908779e79968b3994e1b98286bf306cb469862f7aab1cfa3d402314b,69b40127b40075486722d7abb01eeaedd90b1472bce3b22ffd7450a4457f3462,1
八代市,2026-10-06T06:00+09:00,2026-10-06,2026-10-06T11:56:27+09:00,千丁コミュニティセンター,,23,web:e764e8f9fcbea6a05c8a,matched,exact_normalized_name_without_source_address,0.970,pdf,https://www.city.yatsushiro.lg.jp/kiji00326798/index.html,https://www.city.yatsushiro.lg.jp/kiji00326798/3_26798_160856_up_ro1qe0k8.pdf,08b216e0908779e79968b3994e1b98286bf306cb469862f7aab1cfa3d402314b,69b40127b40075486722d7abb01eeaedd90b1472bce3b22ffd7450a4457f3462,1
八代市,2026-10-06T06:00+09:00,2026-10-06,2026-10-06T11:56:27+09:00,鏡コミュニティセンター,,56,web:71f2957e68ed27aa29b3,matched,exact_normalized_name_without_source_address,0.970,pdf,https://www.city.yatsushiro.lg.jp/kiji00326798/index.html,https://www.city.yatsushiro.lg.jp/kiji00326798/3_26798_160856_up_ro1qe0k8.pdf,08b216e0908779e79968b3994e1b98286bf306cb469862f7aab1cfa3d402314b,69b40127b40075486722d7abb01eeaedd90b1472bce3b22ffd7450a4457f3462,1
八代市,2026-10-06T06:00+09:00,2026-10-06,2026-10-06T11:56:27+09:00,鏡小学校,,52,web:fc07d4550a93586b2c73,matched,exact_name_web_master_quality_without_source_address,0.950,pdf,https://www.city.yatsushiro.lg.jp/kiji00326798/index.html,https://www.city.yatsushiro.lg.jp/kiji00326798/3_26798_160856_up_ro1qe0k8.pdf,08b216e0908779e79968b3994e1b98286bf306cb469862f7aab1cfa3d402314b,69b40127b40075486722d7abb01eeaedd90b1472bce3b22ffd7450a4457f3462,1
八代市,2026-10-06T06:00+09:00,2026-10-06,2026-10-06T11:56:27+09:00,鏡中学校,,54,web:97a7c66c4ffa0e24bc31,matched,exact_name_web_master_quality_without_source_address,0.950,pdf,https://www.city.yatsushiro.lg.jp/kiji00326798/index.html,https://www.city.yatsushiro.lg.jp/kiji00326798/3_26798_160856_up_ro1qe0k8.pdf,08b216e0908779e79968b3994e1b98286bf306cb469862f7aab1cfa3d402314b,69b40127b40075486722d7abb01eeaedd90b1472bce3b22ffd7450a4457f3462,1
宇城市,2026-10-05T22:00+09:00,2026-10-05,2026-10-06T11:56:27+09:00,不知火防災拠点センター,不知火町高良2273番地1,55,web:c49d287f125a11c54dcd,matched,manual_alias,1.000,html,https://www.city.uki.kumamoto.jp/kurashi/bosaiinfo/2610320,https://www.city.uki.kumamoto.jp/kurashi/bosaiinfo/2610320,21107b2def37e9f7249e66052b5f3a8938e3dec15f774d7c166a2bfb2a95cf89,2c84b4aa345ee14f0db9b89f64fd279b311db97b1f4eb72165880a03c7bf49c9,1
宇城市,2026-10-05T22:00+09:00,2026-10-05,2026-10-06T11:56:27+09:00,不知火体育館 ※8月13日木11時から開設,不知火町高良2273番地1,43,web:73eaa7b5e800fbfeede6,matched,manual_alias,1.000,html,https://www.city.uki.kumamoto.jp/kurashi/bosaiinfo/2610320,https://www.city.uki.kumamoto.jp/kurashi/bosaiinfo/2610320,21107b2def37e9f7249e66052b5f3a8938e3dec15f774d7c166a2bfb2a95cf89,2c84b4aa345ee14f0db9b89f64fd279b311db97b1f4eb72165880a03c7bf49c9,1
宇城市,2026-10-05T22:00+09:00,2026-10-05,2026-10-06T11:56:27+09:00,松橋東防災拠点センター,松橋町豊福1786番地,83,web:87a410b68cfb404f6035,matched,manual_alias,1.000,html,https://www.city.uki.kumamoto.jp/kurashi/bosaiinfo/2610320,https://www.city.uki.kumamoto.jp/kurashi/bosaiinfo/2610320,21107b2def37e9f7249e66052b5f3a8938e3dec15f774d7c166a2bfb2a95cf89,2c84b4aa345ee14f0db9b89f64fd279b311db97b1f4eb72165880a03c7bf49c9,1
宇城市,2026-10-05T22:00+09:00,2026-10-05,2026-10-06T11:56:27+09:00,小川防災拠点センター,小川町江頭100番地,101,web:5c8aee7f9d598d2ba1cb,matched,manual_alias,1.000,html,https://www.city.uki.kumamoto.jp/kurashi/bosaiinfo/2610320,https://www.city.uki.kumamoto.jp/kurashi/bosaiinfo/2610320,21107b2def37e9f7249e66052b5f3a8938e3dec15f774d7c166a2bfb2a95cf89,2c84b4aa345ee14f0db9b89f64fd279b311db97b1f4eb72165880a03c7bf49c9,1
宇城市,2026-10-05T22:00+09:00,2026-10-05,2026-10-06T11:56:27+09:00,旧豊野小学校 体育館 ※8月22日土から開設,豊野町糸石2998番地,26,municipal:uki:old_toyono_elementary_gym,matched,manual_alias_municipal_only,1.000,html,https://www.city.uki.kumamoto.jp/kurashi/bosaiinfo/2610320,https://www.city.uki.kumamoto.jp/kurashi/bosaiinfo/2610320,21107b2def37e9f7249e66052b5f3a8938e3dec15f774d7c166a2bfb2a95cf89,2c84b4aa345ee14f0db9b89f64fd279b311db97b1f4eb72165880a03c7bf49c9,1
